Workbook

Sheet 樞紐
A1: Check | B1: (多重項目)
A3: 計數 - P/N | B3: 欄標籤
A4: 列標籤 | B4: 0-30天 | C4: 31-90天 | D4: 91-180天 | E4: 365天以上 | F4: 181-365天 | G4: Closed | H4: 總計
A5: wait for return customer | B5: 6 | C5: 11 | D5: 16 | E5: 58 | F5: 95 | H5: 186
A6: on hold | B6: 31 | C6: 34 | D6: 50 | E6: 1 | F6: 7 | H6: 123
A7: VRAM is pending RTV | E7: 6 | H7: 6
A8: SBF to be notified | F8: 7 | H8: 7
A9: BU未結案 | F9: 1 | H9: 1
A10: Local Scrap | G10: 55 | H10: 55
A11: 2024Q2 | G11: 2 | H11: 2
A12: 2024Q3 | G12: 5 | H12: 5
A13: 2024Q4 | G13: 8 | H13: 8
A14: 2025Q1 | G14: 4 | H14: 4
A15: 2025Q2 | G15: 1 | H15: 1
A16: 2025Q3 | G16: 85 | H16: 85
A17: 2025Q4 | G17: 1 | H17: 1
A18: 2026Q2 | G18: 122 | H18: 122
A19: 2026Q3 | G19: 35 | H19: 35
A20: 2026Q4 | G20: 26 | H20: 26
A21: 總計 | B21: 37 | C21: 45 | D21: 66 | E21: 65 | F21: 110 | G21: 344 | H21: 667

Sheet 陣列
A1: KGB/KBB | B1: Return Customer Date | C1: Return Customer Q | D1: Sort | E1: Check
A2: {=_xlfn.LET( _xlpm.full_range, 'Search Result'!A2:V9929, _xlpm.a_col, 'Search Result'!A2:A9929, _xlpm.filtered, _xlfn._xlws.FILTER(_xlpm.full_range, _xlpm.a_col="kbb"), _xlpm.sorted, _xlfn._xlws.SORT(_xlpm.filtered, 21, -1), _xlpm.unique_data, _xlfn.UNIQUE(_xlpm.sorted, FALSE, FALSE), _xlfn.CHOOSECOLS(_xlpm.unique_data, 1, 2, 3, 4, 5) )} -> KBB | B2: 45384 | C2: 2024Q2 | D2: Closed | E2: 最新
A3: KBB | B3: Local Scrap | C3: Local Scrap | D3: Closed | E3: 最新
A4: KBB | B4: Local Scrap | C4: Local Scrap | D4: Closed | E4: 最新
A5: KBB | B5: Local Scrap | C5: Local Scrap | D5: Closed | E5: 最新
A6: KBB | B6: 45583 | C6: 2024Q4 | D6: Closed | E6: 最新
A7: KBB | B7: Local Scrap | C7: Local Scrap | D7: Closed | E7: 最新
A8: KBB | B8: Local Scrap | C8: Local Scrap | D8: Closed | E8: 最新
A9: KBB | B9: Local Scrap | C9: Local Scrap | D9: Closed | E9: 最新
A10: KBB | B10: 45852 | C10: 2025Q3 | D10: Closed | E10: 最新
A11: KBB | B11: - | C11: wait for return customer | D11: 365天以上 | E11: 最新
A12: KBB | B12: Local Scrap | C12: Local Scrap | D12: Closed | E12: 最新
A13: KBB | B13: 45659 | C13: 2025Q1 | D13: Closed | E13: 最新
A14: KBB | B14: - | C14: wait for return customer | D14: 365天以上 | E14: 最新
A15: KBB | B15: - | C15: wait for return customer | D15: 365天以上 | E15: 最新
A16: KBB | B16: - | C16: wait for return customer | D16: 365天以上 | E16: 最新
A17: KBB | B17: Local Scrap | C17: Local Scrap | D17: Closed | E17: 最新
A18: KBB | B18: Local Scrap | C18: Local Scrap | D18: Closed | E18: 最新
A19: KBB | B19: - | C19: wait for return customer | D19: 365天以上 | E19: 最新
A20: KBB | B20: - | C20: wait for return customer | D20: 365天以上 | E20: 最新
A21: KBB | B21: Local Scrap | C21: Local Scrap | D21: Closed | E21: 最新
A22: KBB | B22: Local Scrap | C22: Local Scrap | D22: Closed | E22: 最新
A23: KBB | B23: Local Scrap | C23: Local Scrap | D23: Closed | E23: 最新
A24: KBB | B24: 45762 | C24: 2025Q2 | D24: Closed | E24: 最新
A25: KBB | B25: Local Scrap | C25: Local Scrap | D25: Closed | E25: 最新
A26: KBB | B26: - | C26: wait for return customer | D26: 365天以上 | E26: 最新
A27: KBB | B27: - | C27: wait for return customer | D27: 365天以上 | E27: 最新
A28: KBB | B28: Local Scrap | C28: Local Scrap | D28: Closed | E28: 最新
A29: KBB | B29: Local Scrap | C29: Local Scrap | D29: Closed | E29: 歷史重複
A30: KBB | B30: - | C30: wait for return customer | D30: 365天以上 | E30: 最新
A31: KBB | B31: - | C31: wait for return customer | D31: 365天以上 | E31: 最新
A32: KBB | B32: 45840 | C32: 2025Q3 | D32: Closed | E32: 最新
A33: KBB | B33: - | C33: wait for return customer | D33: 365天以上 | E33: 最新
A34: KBB | B34: 45840 | C34: 2025Q3 | D34: Closed | E34: 最新
A35: KBB | B35: - | C35: wait for return customer | D35: 365天以上 | E35: 最新
A36: KBB | B36: Local Scrap | C36: Local Scrap | D36: Closed | E36: 最新
A37: KBB | B37: Local Scrap | C37: Local Scrap | D37: Closed | E37: 最新
A38: KBB | B38: Local Scrap | C38: Local Scrap | D38: Closed | E38: 最新
A39: KBB | B39: Local Scrap | C39: Local Scrap | D39: Closed | E39: 最新
A40: KBB | B40: - | C40: wait for return customer | D40: 365天以上 | E40: 最新
A41: KBB | B41: 46150 | C41: 2026Q2 | D41: Closed | E41: 最新
A42: KBB | B42: - | C42: wait for return customer | D42: 365天以上 | E42: 最新
A43: KBB | B43: - | C43: wait for return customer | D43: 365天以上 | E43: 最新
A44: KBB | B44: - | C44: wait for return customer | D44: 365天以上 | E44: 最新
A45: KBB | B45: Local Scrap | C45: Local Scrap | D45: Closed | E45: 最新
A46: KBB | B46: Local Scrap | C46: Local Scrap | D46: Closed | E46: 最新
A47: KBB | B47: - | C47: wait for return customer | D47: 365天以上 | E47: 最新
A48: KBB | B48: - | C48: wait for return customer | D48: 365天以上 | E48: 最新
A49: KBB | B49: - | C49: wait for return customer | D49: 365天以上 | E49: 最新
A50: KBB | B50: - | C50: wait for return customer | D50: 365天以上 | E50: 最新
A51: KBB | B51: - | C51: wait for return customer | D51: 181-365天 | E51: 最新
A52: KBB | B52: - | C52: wait for return customer | D52: 181-365天 | E52: 最新
A53: KBB | B53: - | C53: wait for return customer | D53: 181-365天 | E53: 最新
... A69: KBB | B69: - | C69: wait for return customer | D69: 181-365天 | E69: 最新
A70: KBB | B70: 46113 | C70: 2026Q2 | D70: Closed | E70: 最新
A71: KBB | B71: SBF to be notified | C71: SBF to be notified | D71: 181-365天 | E71: 最新
A72: KBB | B72: - | C72: wait for return customer | D72: 181-365天 | E72: 最新
A73: KBB | B73: - | C73: wait for return customer | D73: 181-365天 | E73: 最新
A74: KBB | B74: - | C74: wait for return customer | D74: 181-365天 | E74: 最新
A75: KBB | B75: SBF to be notified | C75: SBF to be notified | D75: 181-365天 | E75: 最新
A76: KBB | B76: - | C76: wait for return customer | D76: 181-365天 | E76: 最新
A77: KBB | B77: - | C77: wait for return customer | D77: 181-365天 | E77: 最新
A78: KBB | B78: - | C78: wait for return customer | D78: 181-365天 | E78: 最新
A79: KBB | B79: - | C79: wait for return customer | D79: 181-365天 | E79: 最新
A80: KBB | B80: - | C80: wait for return customer | D80: 91-180天 | E80: 最新
A81: KBB | B81: - | C81: wait for return customer | D81: 91-180天 | E81: 最新
A82: KBB | B82: - | C82: wait for return customer | D82: 31-90天 | E82: 最新
... A86: KBB | B86: - | C86: wait for return customer | D86: 31-90天 | E86: 最新
A87: KBB | B87: 45455 | C87: 2024Q2 | D87: Closed | E87: 最新
A88: KBB | B88: 45625 | C88: 2024Q4 | D88: Closed | E88: 最新
A89: KBB | B89: Local Scrap | C89: Local Scrap | D89: Closed | E89: 最新
A90: KBB | B90: - | C90: wait for return customer | D90: 365天以上 | E90: 最新
A91: KBB | B91: - | C91: wait for return customer | D91: 365天以上 | E91: 最新
A92: KBB | B92: Local Scrap | C92: Local Scrap | D92: Closed | E92: 最新
A93: KBB | B93: - | C93: wait for return customer | D93: 365天以上 | E93: 最新
A94: KBB | B94: - | C94: wait for return customer | D94: 365天以上 | E94: 最新
A95: KBB | B95: - | C95: wait for return customer | D95: 365天以上 | E95: 最新
A96: KBB | B96: 45852 | C96: 2025Q3 | D96: Closed | E96: 最新
A97: KBB | B97: 45852 | C97: 2025Q3 | D97: Closed | E97: 最新
A98: KBB | B98: 45650 | C98: 2024Q4 | D98: Closed | E98: 最新
A99: KBB | B99: 45852 | C99: 2025Q3 | D99: Closed | E99: 最新
A100: KBB | B100: 45852 | C100: 2025Q3 | D100: Closed | E100: 最新
A101: KBB | B101: 45650 | C101: 2024Q4 | D101: Closed | E101: 最新
A102: KBB | B102: 46178 | C102: 2026Q2 | D102: Closed | E102: 最新
A103: KBB | B103: - | C103: wait for return customer | D103: 365天以上 | E103: 最新
A104: KBB | B104: 46178 | C104: 2026Q2 | D104: Closed | E104: 最新
A105: KBB | B105: 46178 | C105: 2026Q2 | D105: Closed | E105: 最新
A106: KBB | B106: 46178 | C106: 2026Q2 | D106: Closed | E106: 最新
A107: KBB | B107: 45852 | C107: 2025Q3 | D107: Closed | E107: 最新
A108: KBB | B108: 46178 | C108: 2026Q2 | D108: Closed | E108: 最新
A109: KBB | B109: 46178 | C109: 2026Q2 | D109: Closed | E109: 最新
A110: KBB | B110: 46178 | C110: 2026Q2 | D110: Closed | E110: 最新
A111: KBB | B111: 46178 | C111: 2026Q2 | D111: Closed | E111: 最新
A112: KBB | B112: - | C112: wait for return customer | D112: 365天以上 | E112: 最新
A113: KBB | B113: 46178 | C113: 2026Q2 | D113: Closed | E113: 最新
A114: KBB | B114: 46178 | C114: 2026Q2 | D114: Closed | E114: 最新
A115: KBB | B115: 46178 | C115: 2026Q2 | D115: Closed | E115: 最新
A116: KBB | B116: 46178 | C116: 2026Q2 | D116: Closed | E116: 最新
A117: KBB | B117: 46178 | C117: 2026Q2 | D117: Closed | E117: 最新
A118: KBB | B118: 46178 | C118: 2026Q2 | D118: Closed | E118: 最新
...

Sheet Search Result
A1: KGB/KBB | B1: Return Customer Date | C1: Return Customer Q | D1: Sort | E1: Check | F1: Order Nr | G1: Order Type | H1: Customer Type | I1: Customer Name | J1: Order Receive Date | K1: Order Apply Date | L1: Serial Nr | M1: P/N | N1: Part Desc | O1: OEM P/N | P1: Original S/N | Q1: Item Status | R1: Engineer Name | S1: Keyin Submit Date | T1: VI2 Date | U1: Ship Date | V1: Item Close Date | W1: Scrap Code | X1: Scrap Duty | Y1: Scrap Memo | Z1: Item Track Date | AA1: From Status | AB1: To Status | AC1: Last Reason Code | AD1: Model | AE1: Pack Date | AF1: BOX_ID | AG1: PACK_NO | AH1: GW | AI1: NW
A2: =IF(L2="","",IF(COUNTIF(Wip!K:K,L2)=0,IF(W2="","KGB","KBB"),IF(AND(_xlfn.IFNA(VLOOKUP(L2,Wip!K:M,3,0),"")="Y",Q2="MTCAPPLYCONF"),"On Hold",IF(W2="","KGB","KBB")))) -> KGB | B2: =IF(A2="on hold", "on hold", IF(A2="KGB", "Standard Shipment", IF(IFERROR(IFERROR(VLOOKUP(L2, List!D:J, 7, 0), VLOOKUP(L2&"", List!D:J, 7, 0)), 0)=0, IF(IFERROR(IFERROR(VLOOKUP(L2, 'CND List'!$A:$C, 3, 0), VLOOKUP(L2&"", 'CND List'!$A:$C, 3, 0)), 0)=0, IF(A2="KBB", "-", ""), IFERROR(VLOOKUP(L2, 'CND List'!$A:$C, 3, 0), VLOOKUP(L2&"", 'CND List'!$A:$C, 3, 0)) ), IFERROR(VLOOKUP(L2, List!D:J, 7, 0), VLOOKUP(L2&"", List!D:J, 7, 0)) ) ) ) -> Standard Shipment | C2: =IF(A2="on hold", "on hold", IF(B2="on hold", "wait for return customer", IF(B2="CND Sceond Pass", "Standard Shipment", IF(AND(A2="kgb", OR(B2="-", B2="", B2="#N/A")), "Standard Shipment", IF(AND(A2="kbb", OR(B2="-", B2="", B2="#N/A")), "wait for return customer", IF(OR(B2="Local Scrap", B2="SBF to be notified", B2="VRAM is pending RTV", B2="BU未結案"), B2, IF(OR(B2="scrap結案", B2="良品結案", LEFT(B2,2)="sc", LEFT(B2,2)="良品"), "CND結案", IF(ISNUMBER(B2), YEAR(B2) & "Q" & INT((MONTH(B2)+2)/3), IF(ISERROR(DATEVALUE(TEXT(B2,"yyyy/mm/dd"))), IF(ISNA(B2), "#N/A", B2), YEAR(DATEVALUE(TEXT(B2,"yyyy/mm/dd"))) & "Q" & INT((MONTH(DATEVALUE(TEXT(B2,"yyyy/mm/dd")))+2)/3)))))))))) -> Standard Shipment | D2: =IF(C2="Local Scrap","Closed",IFERROR(IF(A2="kgb","Closed",IF(MID(C2,5,1)="Q","Closed",LOOKUP(TODAY()-W2, {0,31,91,181,366}, {"0-30天","31-90天","91-180天","181-365天","365天以上"}))), LOOKUP(TODAY()-Z2, {0,31,91,181,366}, {"0-30天","31-90天","91-180天","181-365天","365天以上"}))) -> Closed | E2: {=IF(A2<>"kbb", "", IF(IFERROR(VALUE(V2), 0)=MAX(INDEX(($A$2:$A$4929="kbb")*($L$2:$L$4929=L2)*IFERROR(VALUE($V$2:$V$4929), 0), 0)), "最新", "歷史重複"))} | F2: TO241000007 | G2: R | H2: PNY | I2: PNY_Asia | J2: 2024/01/29 10:44:46 | K2: 2024/01/25 16:21:31 | L2: H723001218 | M2: 90CV07T10010 | N2: RTX4060/PG173-SKU371/GB/PNY | P2: H723001218 | Q2: CLOSED | R2: 李景福 | S2: 2024/01/29 12:23:29 | T2: 2024/02/01 17:39:15 | U2: 2024/03/15 15:07:19 | V2: 2024/03/15 15:07:19 | Z2: 2024/01/29 12:17:21 | AA2: KEYIN | AB2: KEYIN | AC2: R10 | AD2: RTX4060 | AE2: 2024/03/15 15:07:05 | AF2: 001 | AG2: 612070 | AH2: 1 | AI2: 1
A3: =IF(L3="","",IF(COUNTIF(Wip!K:K,L3)=0,IF(W3="","KGB","KBB"),IF(AND(_xlfn.IFNA(VLOOKUP(L3,Wip!K:M,3,0),"")="Y",Q3="MTCAPPLYCONF"),"On Hold",IF(W3="","KGB","KBB")))) -> KGB | B3: =IF(A3="on hold", "on hold", IF(A3="KGB", "Standard Shipment", IF(IFERROR(IFERROR(VLOOKUP(L3, List!D:J, 7, 0), VLOOKUP(L3&"", List!D:J, 7, 0)), 0)=0, IF(IFERROR(IFERROR(VLOOKUP(L3, 'CND List'!$A:$C, 3, 0), VLOOKUP(L3&"", 'CND List'!$A:$C, 3, 0)), 0)=0, IF(A3="KBB", "-", ""), IFERROR(VLOOKUP(L3, 'CND List'!$A:$C, 3, 0), VLOOKUP(L3&"", 'CND List'!$A:$C, 3, 0)) ), IFERROR(VLOOKUP(L3, List!D:J, 7, 0), VLOOKUP(L3&"", List!D:J, 7, 0)) ) ) ) -> Standard Shipment | C3: =IF(A3="on hold", "on hold", IF(B3="on hold", "wait for return customer", IF(B3="CND Sceond Pass", "Standard Shipment", IF(AND(A3="kgb", OR(B3="-", B3="", B3="#N/A")), "Standard Shipment", IF(AND(A3="kbb", OR(B3="-", B3="", B3="#N/A")), "wait for return customer", IF(OR(B3="Local Scrap", B3="SBF to be notified", B3="VRAM is pending RTV", B3="BU未結案"), B3, IF(OR(B3="scrap結案", B3="良品結案", LEFT(B3,2)="sc", LEFT(B3,2)="良品"), "CND結案", IF(ISNUMBER(B3), YEAR(B3) & "Q" & INT((MONTH(B3)+2)/3), IF(ISERROR(DATEVALUE(TEXT(B3,"yyyy/mm/dd"))), IF(ISNA(B3), "#N/A", B3), YEAR(DATEVALUE(TEXT(B3,"yyyy/mm/dd"))) & "Q" & INT((MONTH(DATEVALUE(TEXT(B3,"yyyy/mm/dd")))+2)/3)))))))))) -> Standard Shipment | D3: =IF(C3="Local Scrap","Closed",IFERROR(IF(A3="kgb","Closed",IF(MID(C3,5,1)="Q","Closed",LOOKUP(TODAY()-W3, {0,31,91,181,366}, {"0-30天","31-90天","91-180天","181-365天","365天以上"}))), LOOKUP(TODAY()-Z3, {0,31,91,181,366}, {"0-30天","31-90天","91-180天","181-365天","365天以上"}))) -> Closed | E3: {=IF(A3<>"kbb", "", IF(IFERROR(VALUE(V3), 0)=MAX(INDEX(($A$2:$A$4929="kbb")*($L$2:$L$4929=L3)*IFERROR(VALUE($V$2:$V$4929), 0), 0)), "最新", "歷史重複"))} | F3: TO241000008 | G3: R | H3: PNY | I3: PNY_Asia | J3: 2024/01/29 12:39:25 | K3: 2024/01/29 12:36:22 | L3: H723000046 | M3: 90CV07T10010 | N3: RTX4060/PG173-SKU371/GB/PNY | P3: H723000046 | Q3: CLOSED | R3: 吳崇源 | S3: 2024/01/29 13:58:28 | T3: 2024/02/01 17:40:21 | U3: 2024/03/15 15:07:20 | V3: 2024/03/15 15:07:20 | Z3: 2024/01/29 13:45:40 | AA3: KEYIN | AB3: KEYIN | AC3: R10 | AD3: RTX4060 | AE3: 2024/03/15 15:07:05 | AF3: 001 | AG3: 612070 | AH3: 1 | AI3: 1
A4: =IF(L4="","",IF(COUNTIF(Wip!K:K,L4)=0,IF(W4="","KGB","KBB"),IF(AND(_xlfn.IFNA(VLOOKUP(L4,Wip!K:M,3,0),"")="Y",Q4="MTCAPPLYCONF"),"On Hold",IF(W4="","KGB","KBB")))) -> KGB | B4: =IF(A4="on hold", "on hold", IF(A4="KGB", "Standard Shipment", IF(IFERROR(IFERROR(VLOOKUP(L4, List!D:J, 7, 0), VLOOKUP(L4&"", List!D:J, 7, 0)), 0)=0, IF(IFERROR(IFERROR(VLOOKUP(L4, 'CND List'!$A:$C, 3, 0), VLOOKUP(L4&"", 'CND List'!$A:$C, 3, 0)), 0)=0, IF(A4="KBB", "-", ""), IFERROR(VLOOKUP(L4, 'CND List'!$A:$C, 3, 0), VLOOKUP(L4&"", 'CND List'!$A:$C, 3, 0)) ), IFERROR(VLOOKUP(L4, List!D:J, 7, 0), VLOOKUP(L4&"", List!D:J, 7, 0)) ) ) ) -> Standard Shipment | C4: =IF(A4="on hold", "on hold", IF(B4="on hold", "wait for return customer", IF(B4="CND Sceond Pass", "Standard Shipment", IF(AND(A4="kgb", OR(B4="-", B4="", B4="#N/A")), "Standard Shipment", IF(AND(A4="kbb", OR(B4="-", B4="", B4="#N/A")), "wait for return customer", IF(OR(B4="Local Scrap", B4="SBF to be notified", B4="VRAM is pending RTV", B4="BU未結案"), B4, IF(OR(B4="scrap結案", B4="良品結案", LEFT(B4,2)="sc", LEFT(B4,2)="良品"), "CND結案", IF(ISNUMBER(B4), YEAR(B4) & "Q" & INT((MONTH(B4)+2)/3), IF(ISERROR(DATEVALUE(TEXT(B4,"yyyy/mm/dd"))), IF(ISNA(B4), "#N/A", B4), YEAR(DATEVALUE(TEXT(B4,"yyyy/mm/dd"))) & "Q" & INT((MONTH(DATEVALUE(TEXT(B4,"yyyy/mm/dd")))+2)/3)))))))))) -> Standard Shipment | D4: =IF(C4="Local Scrap","Closed",IFERROR(IF(A4="kgb","Closed",IF(MID(C4,5,1)="Q","Closed",LOOKUP(TODAY()-W4, {0,31,91,181,366}, {"0-30天","31-90天","91-180天","181-365天","365天以上"}))), LOOKUP(TODAY()-Z4, {0,31,91,181,366}, {"0-30天","31-90天","91-180天","181-365天","365天以上"}))) -> Closed | E4: {=IF(A4<>"kbb", "", IF(IFERROR(VALUE(V4), 0)=MAX(INDEX(($A$2:$A$4929="kbb")*($L$2:$L$4929=L4)*IFERROR(VALUE($V$2:$V$4929), 0), 0)), "最新", "歷史重複"))} | F4: TO241000008 | G4: R | H4: PNY | I4: PNY_Asia | J4: 2024/01/29 12:39:25 | K4: 2024/01/29 12:36:22 | L4: H723001022 | M4: 90CV07T10010 | N4: RTX4060/PG173-SKU371/GB/PNY | P4: H723001022 | Q4: CLOSED | R4: 吳崇源 | S4: 2024/01/29 13:58:28 | T4: 2024/04/25 12:35:15 | U4: 2024/04/30 16:55:57 | V4: 2024/04/30 16:55:58 | Z4: 2024/01/29 13:40:53 | AA4: KEYIN | AB4: KEYIN | AC4: R10 | AD4: RTX4060 | AE4: 2024/04/30 16:55:37 | AF4: 001 | AG4: 613632 | AH4: 1 | AI4: 1
A5: =IF(L5="","",IF(COUNTIF(Wip!K:K,L5)=0,IF(W5="","KGB","KBB"),IF(AND(_xlfn.IFNA(VLOOKUP(L5,Wip!K:M,3,0),"")="Y",Q5="MTCAPPLYCONF"),"On Hold",IF(W5="","KGB","KBB")))) -> KGB | B5: =IF(A5="on hold", "on hold", IF(A5="KGB", "Standard Shipment", IF(IFERROR(IFERROR(VLOOKUP(L5, List!D:J, 7, 0), VLOOKUP(L5&"", List!D:J, 7, 0)), 0)=0, IF(IFERROR(IFERROR(VLOOKUP(L5, 'CND List'!$A:$C, 3, 0), VLOOKUP(L5&"", 'CND List'!$A:$C, 3, 0)), 0)=0, IF(A5="KBB", "-", ""), IFERROR(VLOOKUP(L5, 'CND List'!$A:$C, 3, 0), VLOOKUP(L5&"", 'CND List'!$A:$C, 3, 0)) ), IFERROR(VLOOKUP(L5, List!D:J, 7, 0), VLOOKUP(L5&"", List!D:J, 7, 0)) ) ) ) -> Standard Shipment | C5: =IF(A5="on hold", "on hold", IF(B5="on hold", "wait for return customer", IF(B5="CND Sceond Pass", "Standard Shipment", IF(AND(A5="kgb", OR(B5="-", B5="", B5="#N/A")), "Standard Shipment", IF(AND(A5="kbb", OR(B5="-", B5="", B5="#N/A")), "wait for return customer", IF(OR(B5="Local Scrap", B5="SBF to be notified", B5="VRAM is pending RTV", B5="BU未結案"), B5, IF(OR(B5="scrap結案", B5="良品結案", LEFT(B5,2)="sc", LEFT(B5,2)="良品"), "CND結案", IF(ISNUMBER(B5), YEAR(B5) & "Q" & INT((MONTH(B5)+2)/3), IF(ISERROR(DATEVALUE(TEXT(B5,"yyyy/mm/dd"))), IF(ISNA(B5), "#N/A", B5), YEAR(DATEVALUE(TEXT(B5,"yyyy/mm/dd"))) & "Q" & INT((MONTH(DATEVALUE(TEXT(B5,"yyyy/mm/dd")))+2)/3)))))))))) -> Standard Shipment | D5: =IF(C5="Local Scrap","Closed",IFERROR(IF(A5="kgb","Closed",IF(MID(C5,5,1)="Q","Closed",LOOKUP(TODAY()-W5, {0,31,91,181,366}, {"0-30天","31-90天","91-180天","181-365天","365天以上"}))), LOOKUP(TODAY()-Z5, {0,31,91,181,366}, {"0-30天","31-90天","91-180天","181-365天","365天以上"}))) -> Closed | E5: {=IF(A5<>"kbb", "", IF(IFERROR(VALUE(V5), 0)=MAX(INDEX(($A$2:$A$4929="kbb")*($L$2:$L$4929=L5)*IFERROR(VALUE($V$2:$V$4929), 0), 0)), "最新", "歷史重複"))} | F5: TO241000008 | G5: R | H5: PNY | I5: PNY_Asia | J5: 2024/01/29 12:39:25 | K5: 2024/01/29 12:36:22 | L5: H723001037 | M5: 90CV07T10010 | N5: RTX4060/PG173-SKU371/GB/PNY | P5: H723001037 | Q5: CLOSED | R5: 吳崇源 | S5: 2024/01/29 13:58:28 | T5: 2024/02/01 17:39:54 | U5: 2024/03/15 15:07:20 | V5: 2024/03/15 15:07:20 | Z5: 2024/01/29 13:42:07 | AA5: KEYIN | AB5: KEYIN | AC5: R10 | AD5: RTX4060 | AE5: 2024/03/15 15:07:05 | AF5: 001 | AG5: 612070 | AH5: 1 | AI5: 1
A6: =IF(L6="","",IF(COUNTIF(Wip!K:K,L6)=0,IF(W6="","KGB","KBB"),IF(AND(_xlfn.IFNA(VLOOKUP(L6,Wip!K:M,3,0),"")="Y",Q6="MTCAPPLYCONF"),"On Hold",IF(W6="","KGB","KBB")))) -> KGB | B6: =IF(A6="on hold", "on hold", IF(A6="KGB", "Standard Shipment", IF(IFERROR(IFERROR(VLOOKUP(L6, List!D:J, 7, 0), VLOOKUP(L6&"", List!D:J, 7, 0)), 0)=0, IF(IFERROR(IFERROR(VLOOKUP(L6, 'CND List'!$A:$C, 3, 0), VLOOKUP(L6&"", 'CND List'!$A:$C, 3, 0)), 0)=0, IF(A6="KBB", "-", ""), IFERROR(VLOOKUP(L6, 'CND List'!$A:$C, 3, 0), VLOOKUP(L6&"", 'CND List'!$A:$C, 3, 0)) ), IFERROR(VLOOKUP(L6, List!D:J, 7, 0), VLOOKUP(L6&"", List!D:J, 7, 0)) ) ) ) -> Standard Shipment | C6: =IF(A6="on hold", "on hold", IF(B6="on hold", "wait for return customer", IF(B6="CND Sceond Pass", "Standard Shipment", IF(AND(A6="kgb", OR(B6="-", B6="", B6="#N/A")), "Standard Shipment", IF(AND(A6="kbb", OR(B6="-", B6="", B6="#N/A")), "wait for return customer", IF(OR(B6="Local Scrap", B6="SBF to be notified", B6="VRAM is pending RTV", B6="BU未結案"), B6, IF(OR(B6="scrap結案", B6="良品結案", LEFT(B6,2)="sc", LEFT(B6,2)="良品"), "CND結案", IF(ISNUMBER(B6), YEAR(B6) & "Q" & INT((MONTH(B6)+2)/3), IF(ISERROR(DATEVALUE(TEXT(B6,"yyyy/mm/dd"))), IF(ISNA(B6), "#N/A", B6), YEAR(DATEVALUE(TEXT(B6,"yyyy/mm/dd"))) & "Q" & INT((MONTH(DATEVALUE(TEXT(B6,"yyyy/mm/dd")))+2)/3)))))))))) -> Standard Shipment | D6: =IF(C6="Local Scrap","Closed",IFERROR(IF(A6="kgb","Closed",IF(MID(C6,5,1)="Q","Closed",LOOKUP(TODAY()-W6, {0,31,91,181,366}, {"0-30天","31-90天","91-180天","181-365天","365天以上"}))), LOOKUP(TODAY()-Z6, {0,31,91,181,366}, {"0-30天","31-90天","91-180天","181-365天","365天以上"}))) -> Closed | E6: {=IF(A6<>"kbb", "", IF(IFERROR(VALUE(V6), 0)=MAX(INDEX(($A$2:$A$4929="kbb")*($L$2:$L$4929=L6)*IFERROR(VALUE($V$2:$V$4929), 0), 0)), "最新", "歷史重複"))} | F6: TO241000008 | G6: R | H6: PNY | I6: PNY_Asia | J6: 2024/01/29 12:39:25 | K6: 2024/01/29 12:36:22 | L6: H723004437 | M6: 90CV07T10090 | N6: RTX4060/PG173-SKU371/GB/PNY | P6: H723004437 | Q6: CLOSED | R6: 吳崇源 | S6: 2024/01/29 13:58:28 | T6: 2024/02/01 17:40:37 | U6: 2024/03/15 15:07:20 | V6: 2024/03/15 15:07:20 | Z6: 2024/01/29 13:43:16 | AA6: KEYIN | AB6: KEYIN | AC6: R10 | AD6: RTX4060 | AE6: 2024/03/15 15:07:05 | AF6: 001 | AG6: 612070 | AH6: 1 | AI6: 1
A7: =IF(L7="","",IF(COUNTIF(Wip!K:K,L7)=0,IF(W7="","KGB","KBB"),IF(AND(_xlfn.IFNA(VLOOKUP(L7,Wip!K:M,3,0),"")="Y",Q7="MTCAPPLYCONF"),"On Hold",IF(W7="","KGB","KBB")))) -> KGB | B7: =IF(A7="on hold", "on hold", IF(A7="KGB", "Standard Shipment", IF(IFERROR(IFERROR(VLOOKUP(L7, List!D:J, 7, 0), VLOOKUP(L7&"", List!D:J, 7, 0)), 0)=0, IF(IFERROR(IFERROR(VLOOKUP(L7, 'CND List'!$A:$C, 3, 0), VLOOKUP(L7&"", 'CND List'!$A:$C, 3, 0)), 0)=0, IF(A7="KBB", "-", ""), IFERROR(VLOOKUP(L7, 'CND List'!$A:$C, 3, 0), VLOOKUP(L7&"", 'CND List'!$A:$C, 3, 0)) ), IFERROR(VLOOKUP(L7, List!D:J, 7, 0), VLOOKUP(L7&"", List!D:J, 7, 0)) ) ) ) -> Standard Shipment | C7: =IF(A7="on hold", "on hold", IF(B7="on hold", "wait for return customer", IF(B7="CND Sceond Pass", "Standard Shipment", IF(AND(A7="kgb", OR(B7="-", B7="", B7="#N/A")), "Standard Shipment", IF(AND(A7="kbb", OR(B7="-", B7="", B7="#N/A")), "wait for return customer", IF(OR(B7="Local Scrap", B7="SBF to be notified", B7="VRAM is pending RTV", B7="BU未結案"), B7, IF(OR(B7="scrap結案", B7="良品結案", LEFT(B7,2)="sc", LEFT(B7,2)="良品"), "CND結案", IF(ISNUMBER(B7), YEAR(B7) & "Q" & INT((MONTH(B7)+2)/3), IF(ISERROR(DATEVALUE(TEXT(B7,"yyyy/mm/dd"))), IF(ISNA(B7), "#N/A", B7), YEAR(DATEVALUE(TEXT(B7,"yyyy/mm/dd"))) & "Q" & INT((MONTH(DATEVALUE(TEXT(B7,"yyyy/mm/dd")))+2)/3)))))))))) -> Standard Shipment | D7: =IF(C7="Local Scrap","Closed",IFERROR(IF(A7="kgb","Closed",IF(MID(C7,5,1)="Q","Closed",LOOKUP(TODAY()-W7, {0,31,91,181,366}, {"0-30天","31-90天","91-180天","181-365天","365天以上"}))), LOOKUP(TODAY()-Z7, {0,31,91,181,366}, {"0-30天","31-90天","91-180天","181-365天","365天以上"}))) -> Closed | E7: {=IF(A7<>"kbb", "", IF(IFERROR(VALUE(V7), 0)=MAX(INDEX(($A$2:$A$4929="kbb")*($L$2:$L$4929=L7)*IFERROR(VALUE($V$2:$V$4929), 0), 0)), "最新", "歷史重複"))} | F7: TO241000008 | G7: R | H7: PNY | I7: PNY_Asia | J7: 2024/01/29 12:39:25 | K7: 2024/01/29 12:36:22 | L7: H723000600 | M7: 90CV07T10010 | N7: RTX4060/PG173-SKU371/GB/PNY | P7: H723000600 | Q7: CLOSED | R7: 李景福 | S7: 2024/01/29 13:58:28 | T7: 2024/02/01 17:39:32 | U7: 2024/03/15 15:07:20 | V7: 2024/03/15 15:07:20 | Z7: 2024/01/29 13:47:31 | AA7: KEYIN | AB7: KEYIN | AC7: R10 | AD7: RTX4060 | AE7: 2024/03/15 15:07:05 | AF7: 001 | AG7: 612070 | AH7: 1 | AI7: 1
A8: =IF(L8="","",IF(COUNTIF(Wip!K:K,L8)=0,IF(W8="","KGB","KBB"),IF(AND(_xlfn.IFNA(VLOOKUP(L8,Wip!K:M,3,0),"")="Y",Q8="MTCAPPLYCONF"),"On Hold",IF(W8="","KGB","KBB")))) -> KGB | B8: =IF(A8="on hold", "on hold", IF(A8="KGB", "Standard Shipment", IF(IFERROR(IFERROR(VLOOKUP(L8, List!D:J, 7, 0), VLOOKUP(L8&"", List!D:J, 7, 0)), 0)=0, IF(IFERROR(IFERROR(VLOOKUP(L8, 'CND List'!$A:$C, 3, 0), VLOOKUP(L8&"", 'CND List'!$A:$C, 3, 0)), 0)=0, IF(A8="KBB", "-", ""), IFERROR(VLOOKUP(L8, 'CND List'!$A:$C, 3, 0), VLOOKUP(L8&"", 'CND List'!$A:$C, 3, 0)) ), IFERROR(VLOOKUP(L8, List!D:J, 7, 0), VLOOKUP(L8&"", List!D:J, 7, 0)) ) ) ) -> Standard Shipment | C8: =IF(A8="on hold", "on hold", IF(B8="on hold", "wait for return customer", IF(B8="CND Sceond Pass", "Standard Shipment", IF(AND(A8="kgb", OR(B8="-", B8="", B8="#N/A")), "Standard Shipment", IF(AND(A8="kbb", OR(B8="-", B8="", B8="#N/A")), "wait for return customer", IF(OR(B8="Local Scrap", B8="SBF to be notified", B8="VRAM is pending RTV", B8="BU未結案"), B8, IF(OR(B8="scrap結案", B8="良品結案", LEFT(B8,2)="sc", LEFT(B8,2)="良品"), "CND結案", IF(ISNUMBER(B8), YEAR(B8) & "Q" & INT((MONTH(B8)+2)/3), IF(ISERROR(DATEVALUE(TEXT(B8,"yyyy/mm/dd"))), IF(ISNA(B8), "#N/A", B8), YEAR(DATEVALUE(TEXT(B8,"yyyy/mm/dd"))) & "Q" & INT((MONTH(DATEVALUE(TEXT(B8,"yyyy/mm/dd")))+2)/3)))))))))) -> Standard Shipment | D8: =IF(C8="Local Scrap","Closed",IFERROR(IF(A8="kgb","Closed",IF(MID(C8,5,1)="Q","Closed",LOOKUP(TODAY()-W8, {0,31,91,181,366}, {"0-30天","31-90天","91-180天","181-365天","365天以上"}))), LOOKUP(TODAY()-Z8, {0,31,91,181,366}, {"0-30天","31-90天","91-180天","181-365天","365天以上"}))) -> Closed | E8: {=IF(A8<>"kbb", "", IF(IFERROR(VALUE(V8), 0)=MAX(INDEX(($A$2:$A$4929="kbb")*($L$2:$L$4929=L8)*IFERROR(VALUE($V$2:$V$4929), 0), 0)), "最新", "歷史重複"))} | F8: TO241000008 | G8: R | H8: PNY | I8: PNY_Asia | J8: 2024/01/29 12:39:25 | K8: 2024/01/29 12:36:22 | L8: H723001224 | M8: 90CV07T10010 | N8: RTX4060/PG173-SKU371/GB/PNY | P8: H723001224 | Q8: CLOSED | R8: 吳崇源 | S8: 2024/01/29 13:58:28 | T8: 2024/04/25 12:35:26 | U8: 2024/04/30 16:55:57 | V8: 2024/04/30 16:55:58 | Z8: 2024/01/29 13:37:01 | AA8: KEYIN | AB8: KEYIN | AC8: R10 | AD8: RTX4060 | AE8: 2024/04/30 16:55:37 | AF8: 001 | AG8: 613632 | AH8: 1 | AI8: 1
A9: =IF(L9="","",IF(COUNTIF(Wip!K:K,L9)=0,IF(W9="","KGB","KBB"),IF(AND(_xlfn.IFNA(VLOOKUP(L9,Wip!K:M,3,0),"")="Y",Q9="MTCAPPLYCONF"),"On Hold",IF(W9="","KGB","KBB")))) -> KGB | B9: =IF(A9="on hold", "on hold", IF(A9="KGB", "Standard Shipment", IF(IFERROR(IFERROR(VLOOKUP(L9, List!D:J, 7, 0), VLOOKUP(L9&"", List!D:J, 7, 0)), 0)=0, IF(IFERROR(IFERROR(VLOOKUP(L9, 'CND List'!$A:$C, 3, 0), VLOOKUP(L9&"", 'CND List'!$A:$C, 3, 0)), 0)=0, IF(A9="KBB", "-", ""), IFERROR(VLOOKUP(L9, 'CND List'!$A:$C, 3, 0), VLOOKUP(L9&"", 'CND List'!$A:$C, 3, 0)) ), IFERROR(VLOOKUP(L9, List!D:J, 7, 0), VLOOKUP(L9&"", List!D:J, 7, 0)) ) ) ) -> Standard Shipment | C9: =IF(A9="on hold", "on hold", IF(B9="on hold", "wait for return customer", IF(B9="CND Sceond Pass", "Standard Shipment", IF(AND(A9="kgb", OR(B9="-", B9="", B9="#N/A")), "Standard Shipment", IF(AND(A9="kbb", OR(B9="-", B9="", B9="#N/A")), "wait for return customer", IF(OR(B9="Local Scrap", B9="SBF to be notified", B9="VRAM is pending RTV", B9="BU未結案"), B9, IF(OR(B9="scrap結案", B9="良品結案", LEFT(B9,2)="sc", LEFT(B9,2)="良品"), "CND結案", IF(ISNUMBER(B9), YEAR(B9) & "Q" & INT((MONTH(B9)+2)/3), IF(ISERROR(DATEVALUE(TEXT(B9,"yyyy/mm/dd"))), IF(ISNA(B9), "#N/A", B9), YEAR(DATEVALUE(TEXT(B9,"yyyy/mm/dd"))) & "Q" & INT((MONTH(DATEVALUE(TEXT(B9,"yyyy/mm/dd")))+2)/3)))))))))) -> Standard Shipment | D9: =IF(C9="Local Scrap","Closed",IFERROR(IF(A9="kgb","Closed",IF(MID(C9,5,1)="Q","Closed",LOOKUP(TODAY()-W9, {0,31,91,181,366}, {"0-30天","31-90天","91-180天","181-365天","365天以上"}))), LOOKUP(TODAY()-Z9, {0,31,91,181,366}, {"0-30天","31-90天","91-180天","181-365天","365天以上"}))) -> Closed | E9: {=IF(A9<>"kbb", "", IF(IFERROR(VALUE(V9), 0)=MAX(INDEX(($A$2:$A$4929="kbb")*($L$2:$L$4929=L9)*IFERROR(VALUE($V$2:$V$4929), 0), 0)), "最新", "歷史重複"))} | F9: TO243000002 | G9: R | H9: PNY | I9: PNY_Asia | J9: 2024/03/05 16:35:59 | K9: 2024/03/04 11:16:54 | L9: HO23004543 | M9: 90CV07U100A0 | N9: RTX4060TI/PG190SKU361/GB/PNY | P9: HO23004543 | Q9: CLOSED | R9: 李景福 | S9: 2024/03/08 10:44:06 | T9: 2024/04/02 10:52:33 | U9: 2024/04/02 12:27:02 | V9: 2024/04/02 12:27:02 | Z9: 2024/03/08 10:37:50 | AA9: KEYIN | AB9: KEYIN | AC9: R10 | AD9: RTX4060TI | AE9: 2024/04/02 12:22:23 | AF9: 001 | AG9: 612776 | AH9: 1 | AI9: 1
A10: =IF(L10="","",IF(COUNTIF(Wip!K:K,L10)=0,IF(W10="","KGB","KBB"),IF(AND(_xlfn.IFNA(VLOOKUP(L10,Wip!K:M,3,0),"")="Y",Q10="MTCAPPLYCONF"),"On Hold",IF(W10="","KGB","KBB")))) -> KGB | B10: =IF(A10="on hold", "on hold", IF(A10="KGB", "Standard Shipment", IF(IFERROR(IFERROR(VLOOKUP(L10, List!D:J, 7, 0), VLOOKUP(L10&"", List!D:J, 7, 0)), 0)=0, IF(IFERROR(IFERROR(VLOOKUP(L10, 'CND List'!$A:$C, 3, 0), VLOOKUP(L10&"", 'CND List'!$A:$C, 3, 0)), 0)=0, IF(A10="KBB", "-", ""), IFERROR(VLOOKUP(L10, 'CND List'!$A:$C, 3, 0), VLOOKUP(L10&"", 'CND List'!$A:$C, 3, 0)) ), IFERROR(VLOOKUP(L10, List!D:J, 7, 0), VLOOKUP(L10&"", List!D:J, 7, 0)) ) ) ) -> Standard Shipment | C10: =IF(A10="on hold", "on hold", IF(B10="on hold", "wait for return customer", IF(B10="CND Sceond Pass", "Standard Shipment", IF(AND(A10="kgb", OR(B10="-", B10="", B10="#N/A")), "Standard Shipment", IF(AND(A10="kbb", OR(B10="-", B10="", B10="#N/A")), "wait for return customer", IF(OR(B10="Local Scrap", B10="SBF to be notified", B10="VRAM is pending RTV", B10="BU未結案"), B10, IF(OR(B10="scrap結案", B10="良品結案", LEFT(B10,2)="sc", LEFT(B10,2)="良品"), "CND結案", IF(ISNUMBER(B10), YEAR(B10) & "Q" & INT((MONTH(B10)+2)/3), IF(ISERROR(DATEVALUE(TEXT(B10,"yyyy/mm/dd"))), IF(ISNA(B10), "#N/A", B10), YEAR(DATEVALUE(TEXT(B10,"yyyy/mm/dd"))) & "Q" & INT((MONTH(DATEVALUE(TEXT(B10,"yyyy/mm/dd")))+2)/3)))))))))) -> Standard Shipment | D10: =IF(C10="Local Scrap","Closed",IFERROR(IF(A10="kgb","Closed",IF(MID(C10,5,1)="Q","Closed",LOOKUP(TODAY()-W10, {0,31,91,181,366}, {"0-30天","31-90天","91-180天","181-365天","365天以上"}))), LOOKUP(TODAY()-Z10, {0,31,91,181,366}, {"0-30天","31-90天","91-180天","181-365天","365天以上"}))) -> Closed | E10: {=IF(A10<>"kbb", "", IF(IFERROR(VALUE(V10), 0)=MAX(INDEX(($A$2:$A$4929="kbb")*($L$2:$L$4929=L10)*IFERROR(VALUE($V$2:$V$4929), 0), 0)), "最新", "歷史重複"))} | F10: TO243000002 | G10: R | H10: PNY | I10: PNY_Asia | J10: 2024/03/05 16:35:59 | K10: 2024/03/04 11:16:54 | L10: HN23008369 | M10: 90CV07T10050 | N10: RTX4060/PG173-SKU371/GB/PNY | P10: HN23008369 | Q10: CLOSED | R10: 李景福 | S10: 2024/03/08 10:44:06 | T10: 2024/04/25 12:34:05 | U10: 2024/04/30 16:55:57 | V10: 2024/04/30 16:55:58 | Z10: 2024/03/08 10:33:31 | AA10: KEYIN | AB10: KEYIN | AC10: R10 | AD10: RTX4060 | AE10: 2024/04/30 16:55:37 | AF10: 001 | AG10: 613632 | AH10: 1 | AI10: 1
A11: =IF(L11="","",IF(COUNTIF(Wip!K:K,L11)=0,IF(W11="","KGB","KBB"),IF(AND(_xlfn.IFNA(VLOOKUP(L11,Wip!K:M,3,0),"")="Y",Q11="MTCAPPLYCONF"),"On Hold",IF(W11="","KGB","KBB")))) -> KGB | B11: =IF(A11="on hold", "on hold", IF(A11="KGB", "Standard Shipment", IF(IFERROR(IFERROR(VLOOKUP(L11, List!D:J, 7, 0), VLOOKUP(L11&"", List!D:J, 7, 0)), 0)=0, IF(IFERROR(IFERROR(VLOOKUP(L11, 'CND List'!$A:$C, 3, 0), VLOOKUP(L11&"", 'CND List'!$A:$C, 3, 0)), 0)=0, IF(A11="KBB", "-", ""), IFERROR(VLOOKUP(L11, 'CND List'!$A:$C, 3, 0), VLOOKUP(L11&"", 'CND List'!$A:$C, 3, 0)) ), IFERROR(VLOOKUP(L11, List!D:J, 7, 0), VLOOKUP(L11&"", List!D:J, 7, 0)) ) ) ) -> Standard Shipment | C11: =IF(A11="on hold", "on hold", IF(B11="on hold", "wait for return customer", IF(B11="CND Sceond Pass", "Standard Shipment", IF(AND(A11="kgb", OR(B11="-", B11="", B11="#N/A")), "Standard Shipment", IF(AND(A11="kbb", OR(B11="-", B11="", B11="#N/A")), "wait for return customer", IF(OR(B11="Local Scrap", B11="SBF to be notified", B11="VRAM is pending RTV", B11="BU未結案"), B11, IF(OR(B11="scrap結案", B11="良品結案", LEFT(B11,2)="sc", LEFT(B11,2)="良品"), "CND結案", IF(ISNUMBER(B11), YEAR(B11) & "Q" & INT((MONTH(B11)+2)/3), IF(ISERROR(DATEVALUE(TEXT(B11,"yyyy/mm/dd"))), IF(ISNA(B11), "#N/A", B11), YEAR(DATEVALUE(TEXT(B11,"yyyy/mm/dd"))) & "Q" & INT((MONTH(DATEVALUE(TEXT(B11,"yyyy/mm/dd")))+2)/3)))))))))) -> Standard Shipment | D11: =IF(C11="Local Scrap","Closed",IFERROR(IF(A11="kgb","Closed",IF(MID(C11,5,1)="Q","Closed",LOOKUP(TODAY()-W11, {0,31,91,181,366}, {"0-30天","31-90天","91-180天","181-365天","365天以上"}))), LOOKUP(TODAY()-Z11, {0,31,91,181,366}, {"0-30天","31-90天","91-180天","181-365天","365天以上"}))) -> Closed | E11: {=IF(A11<>"kbb", "", IF(IFERROR(VALUE(V11), 0)=MAX(INDEX(($A$2:$A$4929="kbb")*($L$2:$L$4929=L11)*IFERROR(VALUE($V$2:$V$4929), 0), 0)), "最新", "歷史重複"))} | F11: TO243000002 | G11: R | H11: PNY | I11: PNY_Asia | J11: 2024/03/05 16:35:59 | K11: 2024/03/04 11:16:54 | L11: HN23008489 | M11: 90CV07T10050 | N11: RTX4060/PG173-SKU371/GB/PNY | P11: HN23008489 | Q11: CLOSED | R11: 李景福 | S11: 2024/03/08 10:44:06 | T11: 2024/04/25 12:34:16 | U11: 2024/04/30 16:55:57 | V11: 2024/04/30 16:55:58 | Z11: 2024/03/08 10:29:21 | AA11: KEYIN | AB11: KEYIN | AC11: R10 | AD11: RTX4060 | AE11: 2024/04/30 16:55:37 | AF11: 001 | AG11: 613632 | AH11: 1 | AI11: 1
A12: =IF(L12="","",IF(COUNTIF(Wip!K:K,L12)=0,IF(W12="","KGB","KBB"),IF(AND(_xlfn.IFNA(VLOOKUP(L12,Wip!K:M,3,0),"")="Y",Q12="MTCAPPLYCONF"),"On Hold",IF(W12="","KGB","KBB")))) -> KGB | B12: =IF(A12="on hold", "on hold", IF(A12="KGB", "Standard Shipment", IF(IFERROR(IFERROR(VLOOKUP(L12, List!D:J, 7, 0), VLOOKUP(L12&"", List!D:J, 7, 0)), 0)=0, IF(IFERROR(IFERROR(VLOOKUP(L12, 'CND List'!$A:$C, 3, 0), VLOOKUP(L12&"", 'CND List'!$A:$C, 3, 0)), 0)=0, IF(A12="KBB", "-", ""), IFERROR(VLOOKUP(L12, 'CND List'!$A:$C, 3, 0), VLOOKUP(L12&"", 'CND List'!$A:$C, 3, 0)) ), IFERROR(VLOOKUP(L12, List!D:J, 7, 0), VLOOKUP(L12&"", List!D:J, 7, 0)) ) ) ) -> Standard Shipment | C12: =IF(A12="on hold", "on hold", IF(B12="on hold", "wait for return customer", IF(B12="CND Sceond Pass", "Standard Shipment", IF(AND(A12="kgb", OR(B12="-", B12="", B12="#N/A")), "Standard Shipment", IF(AND(A12="kbb", OR(B12="-", B12="", B12="#N/A")), "wait for return customer", IF(OR(B12="Local Scrap", B12="SBF to be notified", B12="VRAM is pending RTV", B12="BU未結案"), B12, IF(OR(B12="scrap結案", B12="良品結案", LEFT(B12,2)="sc", LEFT(B12,2)="良品"), "CND結案", IF(ISNUMBER(B12), YEAR(B12) & "Q" & INT((MONTH(B12)+2)/3), IF(ISERROR(DATEVALUE(TEXT(B12,"yyyy/mm/dd"))), IF(ISNA(B12), "#N/A", B12), YEAR(DATEVALUE(TEXT(B12,"yyyy/mm/dd"))) & "Q" & INT((MONTH(DATEVALUE(TEXT(B12,"yyyy/mm/dd")))+2)/3)))))))))) -> Standard Shipment | D12: =IF(C12="Local Scrap","Closed",IFERROR(IF(A12="kgb","Closed",IF(MID(C12,5,1)="Q","Closed",LOOKUP(TODAY()-W12, {0,31,91,181,366}, {"0-30天","31-90天","91-180天","181-365天","365天以上"}))), LOOKUP(TODAY()-Z12, {0,31,91,181,366}, {"0-30天","31-90天","91-180天","181-365天","365天以上"}))) -> Closed | E12: {=IF(A12<>"kbb", "", IF(IFERROR(VALUE(V12), 0)=MAX(INDEX(($A$2:$A$4929="kbb")*($L$2:$L$4929=L12)*IFERROR(VALUE($V$2:$V$4929), 0), 0)), "最新", "歷史重複"))} | F12: TO243000002 | G12: R | H12: PNY | I12: PNY_Asia | J12: 2024/03/05 16:35:59 | K12: 2024/03/04 11:16:54 | L12: HO23003390 | M12: 90CV07U100A0 | N12: RTX4060TI/PG190SKU361/GB/PNY | P12: HO23003390 | Q12: CLOSED | R12: 李景福 | S12: 2024/03/08 10:44:06 | T12: 2024/04/02 10:52:40 | U12: 2024/04/02 12:27:02 | V12: 2024/04/02 12:27:02 | Z12: 2024/03/08 10:28:09 | AA12: KEYIN | AB12: KEYIN | AC12: R10 | AD12: RTX4060TI | AE12: 2024/04/02 12:22:23 | AF12: 001 | AG12: 612776 | AH12: 1 | AI12: 1
A13: =IF(L13="","",IF(COUNTIF(Wip!K:K,L13)=0,IF(W13="","KGB","KBB"),IF(AND(_xlfn.IFNA(VLOOKUP(L13,Wip!K:M,3,0),"")="Y",Q13="MTCAPPLYCONF"),"On Hold",IF(W13="","KGB","KBB")))) -> KGB | B13: =IF(A13="on hold", "on hold", IF(A13="KGB", "Standard Shipment", IF(IFERROR(IFERROR(VLOOKUP(L13, List!D:J, 7, 0), VLOOKUP(L13&"", List!D:J, 7, 0)), 0)=0, IF(IFERROR(IFERROR(VLOOKUP(L13, 'CND List'!$A:$C, 3, 0), VLOOKUP(L13&"", 'CND List'!$A:$C, 3, 0)), 0)=0, IF(A13="KBB", "-", ""), IFERROR(VLOOKUP(L13, 'CND List'!$A:$C, 3, 0), VLOOKUP(L13&"", 'CND List'!$A:$C, 3, 0)) ), IFERROR(VLOOKUP(L13, List!D:J, 7, 0), VLOOKUP(L13&"", List!D:J, 7, 0)) ) ) ) -> Standard Shipment | C13: =IF(A13="on hold", "on hold", IF(B13="on hold", "wait for return customer", IF(B13="CND Sceond Pass", "Standard Shipment", IF(AND(A13="kgb", OR(B13="-", B13="", B13="#N/A")), "Standard Shipment", IF(AND(A13="kbb", OR(B13="-", B13="", B13="#N/A")), "wait for return customer", IF(OR(B13="Local Scrap", B13="SBF to be notified", B13="VRAM is pending RTV", B13="BU未結案"), B13, IF(OR(B13="scrap結案", B13="良品結案", LEFT(B13,2)="sc", LEFT(B13,2)="良品"), "CND結案", IF(ISNUMBER(B13), YEAR(B13) & "Q" & INT((MONTH(B13)+2)/3), IF(ISERROR(DATEVALUE(TEXT(B13,"yyyy/mm/dd"))), IF(ISNA(B13), "#N/A", B13), YEAR(DATEVALUE(TEXT(B13,"yyyy/mm/dd"))) & "Q" & INT((MONTH(DATEVALUE(TEXT(B13,"yyyy/mm/dd")))+2)/3)))))))))) -> Standard Shipment | D13: =IF(C13="Local Scrap","Closed",IFERROR(IF(A13="kgb","Closed",IF(MID(C13,5,1)="Q","Closed",LOOKUP(TODAY()-W13, {0,31,91,181,366}, {"0-30天","31-90天","91-180天","181-365天","365天以上"}))), LOOKUP(TODAY()-Z13, {0,31,91,181,366}, {"0-30天","31-90天","91-180天","181-365天","365天以上"}))) -> Closed | E13: {=IF(A13<>"kbb", "", IF(IFERROR(VALUE(V13), 0)=MAX(INDEX(($A$2:$A$4929="kbb")*($L$2:$L$4929=L13)*IFERROR(VALUE($V$2:$V$4929), 0), 0)), "最新", "歷史重複"))} | F13: TO243000002 | G13: R | H13: PNY | I13: PNY_Asia | J13: 2024/03/05 16:35:59 | K13: 2024/03/04 11:16:54 | L13: HO23004593 | M13: 90CV07U100A0 | N13: RTX4060TI/PG190SKU361/GB/PNY | P13: HO23004593 | Q13: CLOSED | R13: 李景福 | S13: 2024/03/08 10:44:06 | T13: 2024/04/02 10:52:09 | U13: 2024/04/02 12:27:02 | V13: 2024/04/02 12:27:02 | Z13: 2024/03/08 10:25:31 | AA13: KEYIN | AB13: KEYIN | AC13: R10 | AD13: RTX4060TI | AE13: 2024/04/02 12:22:23 | AF13: 001 | AG13: 612776 | AH13: 1 | AI13: 1
A14: =IF(L14="","",IF(COUNTIF(Wip!K:K,L14)=0,IF(W14="","KGB","KBB"),IF(AND(_xlfn.IFNA(VLOOKUP(L14,Wip!K:M,3,0),"")="Y",Q14="MTCAPPLYCONF"),"On Hold",IF(W14="","KGB","KBB")))) -> KGB | B14: =IF(A14="on hold", "on hold", IF(A14="KGB", "Standard Shipment", IF(IFERROR(IFERROR(VLOOKUP(L14, List!D:J, 7, 0), VLOOKUP(L14&"", List!D:J, 7, 0)), 0)=0, IF(IFERROR(IFERROR(VLOOKUP(L14, 'CND List'!$A:$C, 3, 0), VLOOKUP(L14&"", 'CND List'!$A:$C, 3, 0)), 0)=0, IF(A14="KBB", "-", ""), IFERROR(VLOOKUP(L14, 'CND List'!$A:$C, 3, 0), VLOOKUP(L14&"", 'CND List'!$A:$C, 3, 0)) ), IFERROR(VLOOKUP(L14, List!D:J, 7, 0), VLOOKUP(L14&"", List!D:J, 7, 0)) ) ) ) -> Standard Shipment | C14: =IF(A14="on hold", "on hold", IF(B14="on hold", "wait for return customer", IF(B14="CND Sceond Pass", "Standard Shipment", IF(AND(A14="kgb", OR(B14="-", B14="", B14="#N/A")), "Standard Shipment", IF(AND(A14="kbb", OR(B14="-", B14="", B14="#N/A")), "wait for return customer", IF(OR(B14="Local Scrap", B14="SBF to be notified", B14="VRAM is pending RTV", B14="BU未結案"), B14, IF(OR(B14="scrap結案", B14="良品結案", LEFT(B14,2)="sc", LEFT(B14,2)="良品"), "CND結案", IF(ISNUMBER(B14), YEAR(B14) & "Q" & INT((MONTH(B14)+2)/3), IF(ISERROR(DATEVALUE(TEXT(B14,"yyyy/mm/dd"))), IF(ISNA(B14), "#N/A", B14), YEAR(DATEVALUE(TEXT(B14,"yyyy/mm/dd"))) & "Q" & INT((MONTH(DATEVALUE(TEXT(B14,"yyyy/mm/dd")))+2)/3)))))))))) -> Standard Shipment | D14: =IF(C14="Local Scrap","Closed",IFERROR(IF(A14="kgb","Closed",IF(MID(C14,5,1)="Q","Closed",LOOKUP(TODAY()-W14, {0,31,91,181,366}, {"0-30天","31-90天","91-180天","181-365天","365天以上"}))), LOOKUP(TODAY()-Z14, {0,31,91,181,366}, {"0-30天","31-90天","91-180天","181-365天","365天以上"}))) -> Closed | E14: {=IF(A14<>"kbb", "", IF(IFERROR(VALUE(V14), 0)=MAX(INDEX(($A$2:$A$4929="kbb")*($L$2:$L$4929=L14)*IFERROR(VALUE($V$2:$V$4929), 0), 0)), "最新", "歷史重複"))} | F14: TO243000002 | G14: R | H14: PNY | I14: PNY_Asia | J14: 2024/03/05 16:35:59 | K14: 2024/03/04 11:16:54 | L14: H823000537 | M14: 90CV07T10050 | N14: RTX4060/PG173-SKU371/GB/PNY | P14: H823000537 | Q14: CLOSED | R14: 李景福 | S14: 2024/03/08 10:44:06 | T14: 2024/04/25 12:34:28 | U14: 2024/04/30 16:55:58 | V14: 2024/04/30 16:55:58 | Z14: 2024/03/08 10:36:05 | AA14: KEYIN | AB14: KEYIN | AC14: R10 | AD14: RTX4060 | AE14: 2024/04/30 16:55:37 | AF14: 001 | AG14: 613632 | AH14: 1 | AI14: 1
A15: =IF(L15="","",IF(COUNTIF(Wip!K:K,L15)=0,IF(W15="","KGB","KBB"),IF(AND(_xlfn.IFNA(VLOOKUP(L15,Wip!K:M,3,0),"")="Y",Q15="MTCAPPLYCONF"),"On Hold",IF(W15="","KGB","KBB")))) -> KBB | B15: =IF(A15="on hold", "on hold", IF(A15="KGB", "Standard Shipment", IF(IFERROR(IFERROR(VLOOKUP(L15, List!D:J, 7, 0), VLOOKUP(L15&"", List!D:J, 7, 0)), 0)=0, IF(IFERROR(IFERROR(VLOOKUP(L15, 'CND List'!$A:$C, 3, 0), VLOOKUP(L15&"", 'CND List'!$A:$C, 3, 0)), 0)=0, IF(A15="KBB", "-", ""), IFERROR(VLOOKUP(L15, 'CND List'!$A:$C, 3, 0), VLOOKUP(L15&"", 'CND List'!$A:$C, 3, 0)) ), IFERROR(VLOOKUP(L15, List!D:J, 7, 0), VLOOKUP(L15&"", List!D:J, 7, 0)) ) ) ) -> 45384 | C15: =IF(A15="on hold", "on hold", IF(B15="on hold", "wait for return customer", IF(B15="CND Sceond Pass", "Standard Shipment", IF(AND(A15="kgb", OR(B15="-", B15="", B15="#N/A")), "Standard Shipment", IF(AND(A15="kbb", OR(B15="-", B15="", B15="#N/A")), "wait for return customer", IF(OR(B15="Local Scrap", B15="SBF to be notified", B15="VRAM is pending RTV", B15="BU未結案"), B15, IF(OR(B15="scrap結案", B15="良品結案", LEFT(B15,2)="sc", LEFT(B15,2)="良品"), "CND結案", IF(ISNUMBER(B15), YEAR(B15) & "Q" & INT((MONTH(B15)+2)/3), IF(ISERROR(DATEVALUE(TEXT(B15,"yyyy/mm/dd"))), IF(ISNA(B15), "#N/A", B15), YEAR(DATEVALUE(TEXT(B15,"yyyy/mm/dd"))) & "Q" & INT((MONTH(DATEVALUE(TEXT(B15,"yyyy/mm/dd")))+2)/3)))))))))) -> 2024Q2 | D15: =IF(C15="Local Scrap","Closed",IFERROR(IF(A15="kgb","Closed",IF(MID(C15,5,1)="Q","Closed",LOOKUP(TODAY()-W15, {0,31,91,181,366}, {"0-30天","31-90天","91-180天","181-365天","365天以上"}))), LOOKUP(TODAY()-Z15, {0,31,91,181,366}, {"0-30天","31-90天","91-180天","181-365天","365天以上"}))) -> Closed | E15: {=IF(A15<>"kbb", "", IF(IFERROR(VALUE(V15), 0)=MAX(INDEX(($A$2:$A$4929="kbb")*($L$2:$L$4929=L15)*IFERROR(VALUE($V$2:$V$4929), 0), 0)), "最新", "歷史重複"))} -> 最新 | F15: TO243000011 | G15: R | H15: PNY | I15: PNY_Asia | J15: 2024/03/25 13:07:38 | K15: 2024/03/21 16:49:30 | L15: H723004429 | M15: 69CV07T10A11 | N15: RTX4060/PG173-SKU371/STD/PNY | P15: H723004429 | Q15: CLOSED | R15: 李景福 | S15: 2024/04/02 11:14:42 | V15: 2024/04/02 11:22:18 | W15: [A3SC0030]Burnt Component | X15: Customer | Y15: PCB Burned/Q28 | Z15: 2024/04/02 11:04:52 | AA15: KEYIN | AB15: KEYIN | AC15: C01 | AD15: RTX4060
A16: =IF(L16="","",IF(COUNTIF(Wip!K:K,L16)=0,IF(W16="","KGB","KBB"),IF(AND(_xlfn.IFNA(VLOOKUP(L16,Wip!K:M,3,0),"")="Y",Q16="MTCAPPLYCONF"),"On Hold",IF(W16="","KGB","KBB")))) -> KGB | B16: =IF(A16="on hold", "on hold", IF(A16="KGB", "Standard Shipment", IF(IFERROR(IFERROR(VLOOKUP(L16, List!D:J, 7, 0), VLOOKUP(L16&"", List!D:J, 7, 0)), 0)=0, IF(IFERROR(IFERROR(VLOOKUP(L16, 'CND List'!$A:$C, 3, 0), VLOOKUP(L16&"", 'CND List'!$A:$C, 3, 0)), 0)=0, IF(A16="KBB", "-", ""), IFERROR(VLOOKUP(L16, 'CND List'!$A:$C, 3, 0), VLOOKUP(L16&"", 'CND List'!$A:$C, 3, 0)) ), IFERROR(VLOOKUP(L16, List!D:J, 7, 0), VLOOKUP(L16&"", List!D:J, 7, 0)) ) ) ) -> Standard Shipment | C16: =IF(A16="on hold", "on hold", IF(B16="on hold", "wait for return customer", IF(B16="CND Sceond Pass", "Standard Shipment", IF(AND(A16="kgb", OR(B16="-", B16="", B16="#N/A")), "Standard Shipment", IF(AND(A16="kbb", OR(B16="-", B16="", B16="#N/A")), "wait for return customer", IF(OR(B16="Local Scrap", B16="SBF to be notified", B16="VRAM is pending RTV", B16="BU未結案"), B16, IF(OR(B16="scrap結案", B16="良品結案", LEFT(B16,2)="sc", LEFT(B16,2)="良品"), "CND結案", IF(ISNUMBER(B16), YEAR(B16) & "Q" & INT((MONTH(B16)+2)/3), IF(ISERROR(DATEVALUE(TEXT(B16,"yyyy/mm/dd"))), IF(ISNA(B16), "#N/A", B16), YEAR(DATEVALUE(TEXT(B16,"yyyy/mm/dd"))) & "Q" & INT((MONTH(DATEVALUE(TEXT(B16,"yyyy/mm/dd")))+2)/3)))))))))) -> Standard Shipment | D16: =IF(C16="Local Scrap","Closed",IFERROR(IF(A16="kgb","Closed",IF(MID(C16,5,1)="Q","Closed",LOOKUP(TODAY()-W16, {0,31,91,181,366}, {"0-30天","31-90天","91-180天","181-365天","365天以上"}))), LOOKUP(TODAY()-Z16, {0,31,91,181,366}, {"0-30天","31-90天","91-180天","181-365天","365天以上"}))) -> Closed | E16: {=IF(A16<>"kbb", "", IF(IFERROR(VALUE(V16), 0)=MAX(INDEX(($A$2:$A$4929="kbb")*($L$2:$L$4929=L16)*IFERROR(VALUE($V$2:$V$4929), 0), 0)), "最新", "歷史重複"))} | F16: TO243000011 | G16: R | H16: PNY | I16: PNY_Asia | J16: 2024/03/25 13:07:38 | K16: 2024/03/21 16:49:30 | L16: HO23004530 | M16: 69CV07U10A11 | N16: RTX4060TI/PG190SKU361/STD/PNY | P16: HO23004530 | Q16: CLOSED | R16: 李景福 | S16: 2024/04/01 16:01:33 | T16: 2024/05/02 12:15:22 | U16: 2024/05/09 08:18:09 | V16: 2024/05/09 08:18:09 | Z16: 2024/04/01 15:49:32 | AA16: KEYIN | AB16: KEYIN | AC16: R10 | AD16: RTX4060TI | AE16: 2024/05/09 08:17:50 | AF16: 001 | AG16: 613861 | AH16: 1 | AI16: 1
A17: =IF(L17="","",IF(COUNTIF(Wip!K:K,L17)=0,IF(W17="","KGB","KBB"),IF(AND(_xlfn.IFNA(VLOOKUP(L17,Wip!K:M,3,0),"")="Y",Q17="MTCAPPLYCONF"),"On Hold",IF(W17="","KGB","KBB")))) -> KGB | B17: =IF(A17="on hold", "on hold", IF(A17="KGB", "Standard Shipment", IF(IFERROR(IFERROR(VLOOKUP(L17, List!D:J, 7, 0), VLOOKUP(L17&"", List!D:J, 7, 0)), 0)=0, IF(IFERROR(IFERROR(VLOOKUP(L17, 'CND List'!$A:$C, 3, 0), VLOOKUP(L17&"", 'CND List'!$A:$C, 3, 0)), 0)=0, IF(A17="KBB", "-", ""), IFERROR(VLOOKUP(L17, 'CND List'!$A:$C, 3, 0), VLOOKUP(L17&"", 'CND List'!$A:$C, 3, 0)) ), IFERROR(VLOOKUP(L17, List!D:J, 7, 0), VLOOKUP(L17&"", List!D:J, 7, 0)) ) ) ) -> Standard Shipment | C17: =IF(A17="on hold", "on hold", IF(B17="on hold", "wait for return customer", IF(B17="CND Sceond Pass", "Standard Shipment", IF(AND(A17="kgb", OR(B17="-", B17="", B17="#N/A")), "Standard Shipment", IF(AND(A17="kbb", OR(B17="-", B17="", B17="#N/A")), "wait for return customer", IF(OR(B17="Local Scrap", B17="SBF to be notified", B17="VRAM is pending RTV", B17="BU未結案"), B17, IF(OR(B17="scrap結案", B17="良品結案", LEFT(B17,2)="sc", LEFT(B17,2)="良品"), "CND結案", IF(ISNUMBER(B17), YEAR(B17) & "Q" & INT((MONTH(B17)+2)/3), IF(ISERROR(DATEVALUE(TEXT(B17,"yyyy/mm/dd"))), IF(ISNA(B17), "#N/A", B17), YEAR(DATEVALUE(TEXT(B17,"yyyy/mm/dd"))) & "Q" & INT((MONTH(DATEVALUE(TEXT(B17,"yyyy/mm/dd")))+2)/3)))))))))) -> Standard Shipment | D17: =IF(C17="Local Scrap","Closed",IFERROR(IF(A17="kgb","Closed",IF(MID(C17,5,1)="Q","Closed",LOOKUP(TODAY()-W17, {0,31,91,181,366}, {"0-30天","31-90天","91-180天","181-365天","365天以上"}))), LOOKUP(TODAY()-Z17, {0,31,91,181,366}, {"0-30天","31-90天","91-180天","181-365天","365天以上"}))) -> Closed | E17: {=IF(A17<>"kbb", "", IF(IFERROR(VALUE(V17), 0)=MAX(INDEX(($A$2:$A$4929="kbb")*($L$2:$L$4929=L17)*IFERROR(VALUE($V$2:$V$4929), 0), 0)), "最新", "歷史重複"))} | F17: TO243000011 | G17: R | H17: PNY | I17: PNY_Asia | J17: 2024/03/25 13:07:38 | K17: 2024/03/21 16:49:30 | L17: HO23004468 | M17: 69CV07U10A11 | N17: RTX4060TI/PG190SKU361/STD/PNY | P17: HO23004468 | Q17: CLOSED | R17: 李景福 | S17: 2024/04/01 16:01:33 | T17: 2024/05/02 12:15:07 | U17: 2024/05/09 08:18:09 | V17: 2024/05/09 08:18:09 | Z17: 2024/04/01 15:47:22 | AA17: KEYIN | AB17: KEYIN | AC17: R10 | AD17: RTX4060TI | AE17: 2024/05/09 08:17:50 | AF17: 001 | AG17: 613861 | AH17: 1 | AI17: 1
A18: =IF(L18="","",IF(COUNTIF(Wip!K:K,L18)=0,IF(W18="","KGB","KBB"),IF(AND(_xlfn.IFNA(VLOOKUP(L18,Wip!K:M,3,0),"")="Y",Q18="MTCAPPLYCONF"),"On Hold",IF(W18="","KGB","KBB")))) -> KGB | B18: =IF(A18="on hold", "on hold", IF(A18="KGB", "Standard Shipment", IF(IFERROR(IFERROR(VLOOKUP(L18, List!D:J, 7, 0), VLOOKUP(L18&"", List!D:J, 7, 0)), 0)=0, IF(IFERROR(IFERROR(VLOOKUP(L18, 'CND List'!$A:$C, 3, 0), VLOOKUP(L18&"", 'CND List'!$A:$C, 3, 0)), 0)=0, IF(A18="KBB", "-", ""), IFERROR(VLOOKUP(L18, 'CND List'!$A:$C, 3, 0), VLOOKUP(L18&"", 'CND List'!$A:$C, 3, 0)) ), IFERROR(VLOOKUP(L18, List!D:J, 7, 0), VLOOKUP(L18&"", List!D:J, 7, 0)) ) ) ) -> Standard Shipment | C18: =IF(A18="on hold", "on hold", IF(B18="on hold", "wait for return customer", IF(B18="CND Sceond Pass", "Standard Shipment", IF(AND(A18="kgb", OR(B18="-", B18="", B18="#N/A")), "Standard Shipment", IF(AND(A18="kbb", OR(B18="-", B18="", B18="#N/A")), "wait for return customer", IF(OR(B18="Local Scrap", B18="SBF to be notified", B18="VRAM is pending RTV", B18="BU未結案"), B18, IF(OR(B18="scrap結案", B18="良品結案", LEFT(B18,2)="sc", LEFT(B18,2)="良品"), "CND結案", IF(ISNUMBER(B18), YEAR(B18) & "Q" & INT((MONTH(B18)+2)/3), IF(ISERROR(DATEVALUE(TEXT(B18,"yyyy/mm/dd"))), IF(ISNA(B18), "#N/A", B18), YEAR(DATEVALUE(TEXT(B18,"yyyy/mm/dd"))) & "Q" & INT((MONTH(DATEVALUE(TEXT(B18,"yyyy/mm/dd")))+2)/3)))))))))) -> Standard Shipment | D18: =IF(C18="Local Scrap","Closed",IFERROR(IF(A18="kgb","Closed",IF(MID(C18,5,1)="Q","Closed",LOOKUP(TODAY()-W18, {0,31,91,181,366}, {"0-30天","31-90天","91-180天","181-365天","365天以上"}))), LOOKUP(TODAY()-Z18, {0,31,91,181,366}, {"0-30天","31-90天","91-180天","181-365天","365天以上"}))) -> Closed | E18: {=IF(A18<>"kbb", "", IF(IFERROR(VALUE(V18), 0)=MAX(INDEX(($A$2:$A$4929="kbb")*($L$2:$L$4929=L18)*IFERROR(VALUE($V$2:$V$4929), 0), 0)), "最新", "歷史重複"))} | F18: TO243000011 | G18: R | H18: PNY | I18: PNY_Asia | J18: 2024/03/25 13:07:38 | K18: 2024/03/21 16:49:30 | L18: H723001173 | M18: 69CV07T10A01 | N18: RTX4060/PG173-SKU371/STD/PNY | P18: H723001173 | Q18: CLOSED | R18: 李景福 | S18: 2024/04/01 16:01:33 | T18: 2024/04/25 12:33:54 | U18: 2024/04/30 16:55:58 | V18: 2024/04/30 16:55:58 | Z18: 2024/04/01 15:50:14 | AA18: KEYIN | AB18: KEYIN | AC18: R10 | AD18: RTX4060 | AE18: 2024/04/30 16:55:36 | AF18: 001 | AG18: 613632 | AH18: 1 | AI18: 1
A19: =IF(L19="","",IF(COUNTIF(Wip!K:K,L19)=0,IF(W19="","KGB","KBB"),IF(AND(_xlfn.IFNA(VLOOKUP(L19,Wip!K:M,3,0),"")="Y",Q19="MTCAPPLYCONF"),"On Hold",IF(W19="","KGB","KBB")))) -> KGB | B19: =IF(A19="on hold", "on hold", IF(A19="KGB", "Standard Shipment", IF(IFERROR(IFERROR(VLOOKUP(L19, List!D:J, 7, 0), VLOOKUP(L19&"", List!D:J, 7, 0)), 0)=0, IF(IFERROR(IFERROR(VLOOKUP(L19, 'CND List'!$A:$C, 3, 0), VLOOKUP(L19&"", 'CND List'!$A:$C, 3, 0)), 0)=0, IF(A19="KBB", "-", ""), IFERROR(VLOOKUP(L19, 'CND List'!$A:$C, 3, 0), VLOOKUP(L19&"", 'CND List'!$A:$C, 3, 0)) ), IFERROR(VLOOKUP(L19, List!D:J, 7, 0), VLOOKUP(L19&"", List!D:J, 7, 0)) ) ) ) -> Standard Shipment | C19: =IF(A19="on hold", "on hold", IF(B19="on hold", "wait for return customer", IF(B19="CND Sceond Pass", "Standard Shipment", IF(AND(A19="kgb", OR(B19="-", B19="", B19="#N/A")), "Standard Shipment", IF(AND(A19="kbb", OR(B19="-", B19="", B19="#N/A")), "wait for return customer", IF(OR(B19="Local Scrap", B19="SBF to be notified", B19="VRAM is pending RTV", B19="BU未結案"), B19, IF(OR(B19="scrap結案", B19="良品結案", LEFT(B19,2)="sc", LEFT(B19,2)="良品"), "CND結案", IF(ISNUMBER(B19), YEAR(B19) & "Q" & INT((MONTH(B19)+2)/3), IF(ISERROR(DATEVALUE(TEXT(B19,"yyyy/mm/dd"))), IF(ISNA(B19), "#N/A", B19), YEAR(DATEVALUE(TEXT(B19,"yyyy/mm/dd"))) & "Q" & INT((MONTH(DATEVALUE(TEXT(B19,"yyyy/mm/dd")))+2)/3)))))))))) -> Standard Shipment | D19: =IF(C19="Local Scrap","Closed",IFERROR(IF(A19="kgb","Closed",IF(MID(C19,5,1)="Q","Closed",LOOKUP(TODAY()-W19, {0,31,91,181,366}, {"0-30天","31-90天","91-180天","181-365天","365天以上"}))), LOOKUP(TODAY()-Z19, {0,31,91,181,366}, {"0-30天","31-90天","91-180天","181-365天","365天以上"}))) -> Closed | E19: {=IF(A19<>"kbb", "", IF(IFERROR(VALUE(V19), 0)=MAX(INDEX(($A$2:$A$4929="kbb")*($L$2:$L$4929=L19)*IFERROR(VALUE($V$2:$V$4929), 0), 0)), "最新", "歷史重複"))} | F19: TO244000002 | G19: R | H19: PNY | I19: PNY_Asia | J19: 2024/04/15 15:54:05 | K19: 2024/04/10 15:24:59 | L19: 242049769000676 | M19: 90CV07T10090 | N19: RTX4060/PG173-SKU371/GB/PNY | P19: 242049769000676 | Q19: CLOSED | R19: 李景福 | S19: 2024/04/18 14:00:22 | T19: 2024/04/25 12:36:16 | U19: 2024/04/30 16:55:58 | V19: 2024/04/30 16:55:58 | Z19: 2024/04/18 13:54:24 | AA19: KEYIN | AB19: KEYIN | AC19: R10 | AD19: RTX4060 | AE19: 2024/04/30 16:55:37 | AF19: 001 | AG19: 613632 | AH19: 1 | AI19: 1
A20: =IF(L20="","",IF(COUNTIF(Wip!K:K,L20)=0,IF(W20="","KGB","KBB"),IF(AND(_xlfn.IFNA(VLOOKUP(L20,Wip!K:M,3,0),"")="Y",Q20="MTCAPPLYCONF"),"On Hold",IF(W20="","KGB","KBB")))) -> KGB | B20: =IF(A20="on hold", "on hold", IF(A20="KGB", "Standard Shipment", IF(IFERROR(IFERROR(VLOOKUP(L20, List!D:J, 7, 0), VLOOKUP(L20&"", List!D:J, 7, 0)), 0)=0, IF(IFERROR(IFERROR(VLOOKUP(L20, 'CND List'!$A:$C, 3, 0), VLOOKUP(L20&"", 'CND List'!$A:$C, 3, 0)), 0)=0, IF(A20="KBB", "-", ""), IFERROR(VLOOKUP(L20, 'CND List'!$A:$C, 3, 0), VLOOKUP(L20&"", 'CND List'!$A:$C, 3, 0)) ), IFERROR(VLOOKUP(L20, List!D:J, 7, 0), VLOOKUP(L20&"", List!D:J, 7, 0)) ) ) ) -> Standard Shipment | C20: =IF(A20="on hold", "on hold", IF(B20="on hold", "wait for return customer", IF(B20="CND Sceond Pass", "Standard Shipment", IF(AND(A20="kgb", OR(B20="-", B20="", B20="#N/A")), "Standard Shipment", IF(AND(A20="kbb", OR(B20="-", B20="", B20="#N/A")), "wait for return customer", IF(OR(B20="Local Scrap", B20="SBF to be notified", B20="VRAM is pending RTV", B20="BU未結案"), B20, IF(OR(B20="scrap結案", B20="良品結案", LEFT(B20,2)="sc", LEFT(B20,2)="良品"), "CND結案", IF(ISNUMBER(B20), YEAR(B20) & "Q" & INT((MONTH(B20)+2)/3), IF(ISERROR(DATEVALUE(TEXT(B20,"yyyy/mm/dd"))), IF(ISNA(B20), "#N/A", B20), YEAR(DATEVALUE(TEXT(B20,"yyyy/mm/dd"))) & "Q" & INT((MONTH(DATEVALUE(TEXT(B20,"yyyy/mm/dd")))+2)/3)))))))))) -> Standard Shipment | D20: =IF(C20="Local Scrap","Closed",IFERROR(IF(A20="kgb","Closed",IF(MID(C20,5,1)="Q","Closed",LOOKUP(TODAY()-W20, {0,31,91,181,366}, {"0-30天","31-90天","91-180天","181-365天","365天以上"}))), LOOKUP(TODAY()-Z20, {0,31,91,181,366}, {"0-30天","31-90天","91-180天","181-365天","365天以上"}))) -> Closed | E20: {=IF(A20<>"kbb", "", IF(IFERROR(VALUE(V20), 0)=MAX(INDEX(($A$2:$A$4929="kbb")*($L$2:$L$4929=L20)*IFERROR(VALUE($V$2:$V$4929), 0), 0)), "最新", "歷史重複"))} | F20: TO244000002 | G20: R | H20: PNY | I20: PNY_Asia | J20: 2024/04/15 15:54:05 | K20: 2024/04/10 15:24:59 | L20: 242125079000196 | M20: 90CV07U10010 | N20: RTX4060TI/PG190SKU361/GB/PNY | P20: 242125079000196 | Q20: CLOSED | R20: 吳崇源 | S20: 2024/04/18 14:00:22 | T20: 2024/05/02 11:07:52 | U20: 2024/06/05 17:02:43 | V20: 2024/06/05 17:02:43 | Z20: 2024/04/18 13:56:13 | AA20: KEYIN | AB20: KEYIN | AC20: R10 | AD20: RTX4060TI | AE20: 2024/06/05 17:02:31 | AF20: 001 | AG20: 614670 | AH20: 1 | AI20: 1
A21: =IF(L21="","",IF(COUNTIF(Wip!K:K,L21)=0,IF(W21="","KGB","KBB"),IF(AND(_xlfn.IFNA(VLOOKUP(L21,Wip!K:M,3,0),"")="Y",Q21="MTCAPPLYCONF"),"On Hold",IF(W21="","KGB","KBB")))) -> KGB | B21: =IF(A21="on hold", "on hold", IF(A21="KGB", "Standard Shipment", IF(IFERROR(IFERROR(VLOOKUP(L21, List!D:J, 7, 0), VLOOKUP(L21&"", List!D:J, 7, 0)), 0)=0, IF(IFERROR(IFERROR(VLOOKUP(L21, 'CND List'!$A:$C, 3, 0), VLOOKUP(L21&"", 'CND List'!$A:$C, 3, 0)), 0)=0, IF(A21="KBB", "-", ""), IFERROR(VLOOKUP(L21, 'CND List'!$A:$C, 3, 0), VLOOKUP(L21&"", 'CND List'!$A:$C, 3, 0)) ), IFERROR(VLOOKUP(L21, List!D:J, 7, 0), VLOOKUP(L21&"", List!D:J, 7, 0)) ) ) ) -> Standard Shipment | C21: =IF(A21="on hold", "on hold", IF(B21="on hold", "wait for return customer", IF(B21="CND Sceond Pass", "Standard Shipment", IF(AND(A21="kgb", OR(B21="-", B21="", B21="#N/A")), "Standard Shipment", IF(AND(A21="kbb", OR(B21="-", B21="", B21="#N/A")), "wait for return customer", IF(OR(B21="Local Scrap", B21="SBF to be notified", B21="VRAM is pending RTV", B21="BU未結案"), B21, IF(OR(B21="scrap結案", B21="良品結案", LEFT(B21,2)="sc", LEFT(B21,2)="良品"), "CND結案", IF(ISNUMBER(B21), YEAR(B21) & "Q" & INT((MONTH(B21)+2)/3), IF(ISERROR(DATEVALUE(TEXT(B21,"yyyy/mm/dd"))), IF(ISNA(B21), "#N/A", B21), YEAR(DATEVALUE(TEXT(B21,"yyyy/mm/dd"))) & "Q" & INT((MONTH(DATEVALUE(TEXT(B21,"yyyy/mm/dd")))+2)/3)))))))))) -> Standard Shipment | D21: =IF(C21="Local Scrap","Closed",IFERROR(IF(A21="kgb","Closed",IF(MID(C21,5,1)="Q","Closed",LOOKUP(TODAY()-W21, {0,31,91,181,366}, {"0-30天","31-90天","91-180天","181-365天","365天以上"}))), LOOKUP(TODAY()-Z21, {0,31,91,181,366}, {"0-30天","31-90天","91-180天","181-365天","365天以上"}))) -> Closed | E21: {=IF(A21<>"kbb", "", IF(IFERROR(VALUE(V21), 0)=MAX(INDEX(($A$2:$A$4929="kbb")*($L$2:$L$4929=L21)*IFERROR(VALUE($V$2:$V$4929), 0), 0)), "最新", "歷史重複"))} | F21: TO244000002 | G21: R | H21: PNY | I21: PNY_Asia | J21: 2024/04/15 15:54:05 | K21: 2024/04/10 15:24:59 | L21: 242125079000973 | M21: 90CV07U10010 | N21: RTX4060TI/PG190SKU361/GB/PNY | P21: 242125079000973 | Q21: CLOSED | R21: 李景福 | S21: 2024/04/18 14:00:22 | T21: 2024/05/02 12:15:43 | U21: 2024/05/09 08:18:09 | V21: 2024/05/09 08:18:09 | Z21: 2024/04/18 13:59:02 | AA21: KEYIN | AB21: KEYIN | AC21: R10 | AD21: RTX4060TI | AE21: 2024/05/09 08:17:50 | AF21: 001 | AG21: 613861 | AH21: 1 | AI21: 1
A22: =IF(L22="","",IF(COUNTIF(Wip!K:K,L22)=0,IF(W22="","KGB","KBB"),IF(AND(_xlfn.IFNA(VLOOKUP(L22,Wip!K:M,3,0),"")="Y",Q22="MTCAPPLYCONF"),"On Hold",IF(W22="","KGB","KBB")))) -> KGB | B22: =IF(A22="on hold", "on hold", IF(A22="KGB", "Standard Shipment", IF(IFERROR(IFERROR(VLOOKUP(L22, List!D:J, 7, 0), VLOOKUP(L22&"", List!D:J, 7, 0)), 0)=0, IF(IFERROR(IFERROR(VLOOKUP(L22, 'CND List'!$A:$C, 3, 0), VLOOKUP(L22&"", 'CND List'!$A:$C, 3, 0)), 0)=0, IF(A22="KBB", "-", ""), IFERROR(VLOOKUP(L22, 'CND List'!$A:$C, 3, 0), VLOOKUP(L22&"", 'CND List'!$A:$C, 3, 0)) ), IFERROR(VLOOKUP(L22, List!D:J, 7, 0), VLOOKUP(L22&"", List!D:J, 7, 0)) ) ) ) -> Standard Shipment | C22: =IF(A22="on hold", "on hold", IF(B22="on hold", "wait for return customer", IF(B22="CND Sceond Pass", "Standard Shipment", IF(AND(A22="kgb", OR(B22="-", B22="", B22="#N/A")), "Standard Shipment", IF(AND(A22="kbb", OR(B22="-", B22="", B22="#N/A")), "wait for return customer", IF(OR(B22="Local Scrap", B22="SBF to be notified", B22="VRAM is pending RTV", B22="BU未結案"), B22, IF(OR(B22="scrap結案", B22="良品結案", LEFT(B22,2)="sc", LEFT(B22,2)="良品"), "CND結案", IF(ISNUMBER(B22), YEAR(B22) & "Q" & INT((MONTH(B22)+2)/3), IF(ISERROR(DATEVALUE(TEXT(B22,"yyyy/mm/dd"))), IF(ISNA(B22), "#N/A", B22), YEAR(DATEVALUE(TEXT(B22,"yyyy/mm/dd"))) & "Q" & INT((MONTH(DATEVALUE(TEXT(B22,"yyyy/mm/dd")))+2)/3)))))))))) -> Standard Shipment | D22: =IF(C22="Local Scrap","Closed",IFERROR(IF(A22="kgb","Closed",IF(MID(C22,5,1)="Q","Closed",LOOKUP(TODAY()-W22, {0,31,91,181,366}, {"0-30天","31-90天","91-180天","181-365天","365天以上"}))), LOOKUP(TODAY()-Z22, {0,31,91,181,366}, {"0-30天","31-90天","91-180天","181-365天","365天以上"}))) -> Closed | E22: {=IF(A22<>"kbb", "", IF(IFERROR(VALUE(V22), 0)=MAX(INDEX(($A$2:$A$4929="kbb")*($L$2:$L$4929=L22)*IFERROR(VALUE($V$2:$V$4929), 0), 0)), "最新", "歷史重複"))} | F22: TO244000002 | G22: R | H22: PNY | I22: PNY_Asia | J22: 2024/04/15 15:54:05 | K22: 2024/04/10 15:24:59 | L22: 242049759001691 | M22: 90CV07T10090 | N22: RTX4060/PG173-SKU371/GB/PNY | P22: 242049759001691 | Q22: CLOSED | R22: 李景福 | S22: 2024/04/18 14:00:22 | T22: 2024/04/25 12:36:26 | U22: 2024/04/30 16:55:58 | V22: 2024/04/30 16:55:58 | Z22: 2024/04/18 13:55:29 | AA22: KEYIN | AB22: KEYIN | AC22: R10 | AD22: RTX4060 | AE22: 2024/04/30 16:55:37 | AF22: 001 | AG22: 613632 | AH22: 1 | AI22: 1
A23: =IF(L23="","",IF(COUNTIF(Wip!K:K,L23)=0,IF(W23="","KGB","KBB"),IF(AND(_xlfn.IFNA(VLOOKUP(L23,Wip!K:M,3,0),"")="Y",Q23="MTCAPPLYCONF"),"On Hold",IF(W23="","KGB","KBB")))) -> KGB | B23: =IF(A23="on hold", "on hold", IF(A23="KGB", "Standard Shipment", IF(IFERROR(IFERROR(VLOOKUP(L23, List!D:J, 7, 0), VLOOKUP(L23&"", List!D:J, 7, 0)), 0)=0, IF(IFERROR(IFERROR(VLOOKUP(L23, 'CND List'!$A:$C, 3, 0), VLOOKUP(L23&"", 'CND List'!$A:$C, 3, 0)), 0)=0, IF(A23="KBB", "-", ""), IFERROR(VLOOKUP(L23, 'CND List'!$A:$C, 3, 0), VLOOKUP(L23&"", 'CND List'!$A:$C, 3, 0)) ), IFERROR(VLOOKUP(L23, List!D:J, 7, 0), VLOOKUP(L23&"", List!D:J, 7, 0)) ) ) ) -> Standard Shipment | C23: =IF(A23="on hold", "on hold", IF(B23="on hold", "wait for return customer", IF(B23="CND Sceond Pass", "Standard Shipment", IF(AND(A23="kgb", OR(B23="-", B23="", B23="#N/A")), "Standard Shipment", IF(AND(A23="kbb", OR(B23="-", B23="", B23="#N/A")), "wait for return customer", IF(OR(B23="Local Scrap", B23="SBF to be notified", B23="VRAM is pending RTV", B23="BU未結案"), B23, IF(OR(B23="scrap結案", B23="良品結案", LEFT(B23,2)="sc", LEFT(B23,2)="良品"), "CND結案", IF(ISNUMBER(B23), YEAR(B23) & "Q" & INT((MONTH(B23)+2)/3), IF(ISERROR(DATEVALUE(TEXT(B23,"yyyy/mm/dd"))), IF(ISNA(B23), "#N/A", B23), YEAR(DATEVALUE(TEXT(B23,"yyyy/mm/dd"))) & "Q" & INT((MONTH(DATEVALUE(TEXT(B23,"yyyy/mm/dd")))+2)/3)))))))))) -> Standard Shipment | D23: =IF(C23="Local Scrap","Closed",IFERROR(IF(A23="kgb","Closed",IF(MID(C23,5,1)="Q","Closed",LOOKUP(TODAY()-W23, {0,31,91,181,366}, {"0-30天","31-90天","91-180天","181-365天","365天以上"}))), LOOKUP(TODAY()-Z23, {0,31,91,181,366}, {"0-30天","31-90天","91-180天","181-365天","365天以上"}))) -> Closed | E23: {=IF(A23<>"kbb", "", IF(IFERROR(VALUE(V23), 0)=MAX(INDEX(($A$2:$A$4929="kbb")*($L$2:$L$4929=L23)*IFERROR(VALUE($V$2:$V$4929), 0), 0)), "最新", "歷史重複"))} | F23: TO244000002 | G23: R | H23: PNY | I23: PNY_Asia | J23: 2024/04/15 15:54:05 | K23: 2024/04/10 15:24:59 | L23: 244113879001377 | M23: 90CV07T10010 | N23: RTX4060/PG173-SKU371/GB/PNY | P23: 244113879001377 | Q23: CLOSED | R23: 李景福 | S23: 2024/04/18 14:00:22 | T23: 2024/04/25 12:36:06 | U23: 2024/04/30 16:55:58 | V23: 2024/04/30 16:55:58 | Z23: 2024/04/18 13:59:59 | AA23: KEYIN | AB23: KEYIN | AC23: R10 | AD23: RTX4060 | AE23: 2024/04/30 16:55:37 | AF23: 001 | AG23: 613632 | AH23: 1 | AI23: 1
A24: =IF(L24="","",IF(COUNTIF(Wip!K:K,L24)=0,IF(W24="","KGB","KBB"),IF(AND(_xlfn.IFNA(VLOOKUP(L24,Wip!K:M,3,0),"")="Y",Q24="MTCAPPLYCONF"),"On Hold",IF(W24="","KGB","KBB")))) -> KGB | B24: =IF(A24="on hold", "on hold", IF(A24="KGB", "Standard Shipment", IF(IFERROR(IFERROR(VLOOKUP(L24, List!D:J, 7, 0), VLOOKUP(L24&"", List!D:J, 7, 0)), 0)=0, IF(IFERROR(IFERROR(VLOOKUP(L24, 'CND List'!$A:$C, 3, 0), VLOOKUP(L24&"", 'CND List'!$A:$C, 3, 0)), 0)=0, IF(A24="KBB", "-", ""), IFERROR(VLOOKUP(L24, 'CND List'!$A:$C, 3, 0), VLOOKUP(L24&"", 'CND List'!$A:$C, 3, 0)) ), IFERROR(VLOOKUP(L24, List!D:J, 7, 0), VLOOKUP(L24&"", List!D:J, 7, 0)) ) ) ) -> Standard Shipment | C24: =IF(A24="on hold", "on hold", IF(B24="on hold", "wait for return customer", IF(B24="CND Sceond Pass", "Standard Shipment", IF(AND(A24="kgb", OR(B24="-", B24="", B24="#N/A")), "Standard Shipment", IF(AND(A24="kbb", OR(B24="-", B24="", B24="#N/A")), "wait for return customer", IF(OR(B24="Local Scrap", B24="SBF to be notified", B24="VRAM is pending RTV", B24="BU未結案"), B24, IF(OR(B24="scrap結案", B24="良品結案", LEFT(B24,2)="sc", LEFT(B24,2)="良品"), "CND結案", IF(ISNUMBER(B24), YEAR(B24) & "Q" & INT((MONTH(B24)+2)/3), IF(ISERROR(DATEVALUE(TEXT(B24,"yyyy/mm/dd"))), IF(ISNA(B24), "#N/A", B24), YEAR(DATEVALUE(TEXT(B24,"yyyy/mm/dd"))) & "Q" & INT((MONTH(DATEVALUE(TEXT(B24,"yyyy/mm/dd")))+2)/3)))))))))) -> Standard Shipment | D24: =IF(C24="Local Scrap","Closed",IFERROR(IF(A24="kgb","Closed",IF(MID(C24,5,1)="Q","Closed",LOOKUP(TODAY()-W24, {0,31,91,181,366}, {"0-30天","31-90天","91-180天","181-365天","365天以上"}))), LOOKUP(TODAY()-Z24, {0,31,91,181,366}, {"0-30天","31-90天","91-180天","181-365天","365天以上"}))) -> Closed | E24: {=IF(A24<>"kbb", "", IF(IFERROR(VALUE(V24), 0)=MAX(INDEX(($A$2:$A$4929="kbb")*($L$2:$L$4929=L24)*IFERROR(VALUE($V$2:$V$4929), 0), 0)), "最新", "歷史重複"))} | F24: TO244000010 | G24: R | H24: PNY | I24: PNY_Asia | J24: 2024/05/06 14:51:25 | K24: 2024/04/30 12:44:09 | L24: 237968999000863 | M24: 69CV07T10A11 | N24: RTX4060/PG173-SKU371/STD/PNY | P24: 237968999000863 | Q24: CLOSED | R24: 吳崇源 | S24: 2024/05/07 16:16:18 | T24: 2024/05/08 17:48:50 | U24: 2024/05/21 08:25:08 | V24: 2024/05/21 08:25:08 | Z24: 2024/05/07 15:45:11 | AA24: KEYIN | AB24: KEYIN | AC24: R10 | AD24: RTX4060 | AE24: 2024/05/21 08:24:50 | AF24: 001 | AG24: 614205 | AH24: 1 | AI24: 1
A25: =IF(L25="","",IF(COUNTIF(Wip!K:K,L25)=0,IF(W25="","KGB","KBB"),IF(AND(_xlfn.IFNA(VLOOKUP(L25,Wip!K:M,3,0),"")="Y",Q25="MTCAPPLYCONF"),"On Hold",IF(W25="","KGB","KBB")))) -> KGB | B25: =IF(A25="on hold", "on hold", IF(A25="KGB", "Standard Shipment", IF(IFERROR(IFERROR(VLOOKUP(L25, List!D:J, 7, 0), VLOOKUP(L25&"", List!D:J, 7, 0)), 0)=0, IF(IFERROR(IFERROR(VLOOKUP(L25, 'CND List'!$A:$C, 3, 0), VLOOKUP(L25&"", 'CND List'!$A:$C, 3, 0)), 0)=0, IF(A25="KBB", "-", ""), IFERROR(VLOOKUP(L25, 'CND List'!$A:$C, 3, 0), VLOOKUP(L25&"", 'CND List'!$A:$C, 3, 0)) ), IFERROR(VLOOKUP(L25, List!D:J, 7, 0), VLOOKUP(L25&"", List!D:J, 7, 0)) ) ) ) -> Standard Shipment | C25: =IF(A25="on hold", "on hold", IF(B25="on hold", "wait for return customer", IF(B25="CND Sceond Pass", "Standard Shipment", IF(AND(A25="kgb", OR(B25="-", B25="", B25="#N/A")), "Standard Shipment", IF(AND(A25="kbb", OR(B25="-", B25="", B25="#N/A")), "wait for return customer", IF(OR(B25="Local Scrap", B25="SBF to be notified", B25="VRAM is pending RTV", B25="BU未結案"), B25, IF(OR(B25="scrap結案", B25="良品結案", LEFT(B25,2)="sc", LEFT(B25,2)="良品"), "CND結案", IF(ISNUMBER(B25), YEAR(B25) & "Q" & INT((MONTH(B25)+2)/3), IF(ISERROR(DATEVALUE(TEXT(B25,"yyyy/mm/dd"))), IF(ISNA(B25), "#N/A", B25), YEAR(DATEVALUE(TEXT(B25,"yyyy/mm/dd"))) & "Q" & INT((MONTH(DATEVALUE(TEXT(B25,"yyyy/mm/dd")))+2)/3)))))))))) -> Standard Shipment | D25: =IF(C25="Local Scrap","Closed",IFERROR(IF(A25="kgb","Closed",IF(MID(C25,5,1)="Q","Closed",LOOKUP(TODAY()-W25, {0,31,91,181,366}, {"0-30天","31-90天","91-180天","181-365天","365天以上"}))), LOOKUP(TODAY()-Z25, {0,31,91,181,366}, {"0-30天","31-90天","91-180天","181-365天","365天以上"}))) -> Closed | E25: {=IF(A25<>"kbb", "", IF(IFERROR(VALUE(V25), 0)=MAX(INDEX(($A$2:$A$4929="kbb")*($L$2:$L$4929=L25)*IFERROR(VALUE($V$2:$V$4929), 0), 0)), "最新", "歷史重複"))} | F25: TO244000010 | G25: R | H25: PNY | I25: PNY_Asia | J25: 2024/05/06 14:51:25 | K25: 2024/04/30 12:44:09 | L25: 245434689001791 | M25: 69CV07T10A12 | N25: RTX4060/PG173-SKU371/STD/PNY | P25: 245434689001791 | Q25: CLOSED | R25: 吳崇源 | S25: 2024/05/07 16:16:18 | T25: 2024/05/08 17:28:38 | U25: 2024/05/21 08:25:08 | V25: 2024/05/21 08:25:08 | Z25: 2024/05/07 16:11:51 | AA25: KEYIN | AB25: KEYIN | AC25: R10 | AD25: RTX4060 | AE25: 2024/05/21 08:24:50 | AF25: 001 | AG25: 614205 | AH25: 1 | AI25: 1
A26: =IF(L26="","",IF(COUNTIF(Wip!K:K,L26)=0,IF(W26="","KGB","KBB"),IF(AND(_xlfn.IFNA(VLOOKUP(L26,Wip!K:M,3,0),"")="Y",Q26="MTCAPPLYCONF"),"On Hold",IF(W26="","KGB","KBB")))) -> KGB | B26: =IF(A26="on hold", "on hold", IF(A26="KGB", "Standard Shipment", IF(IFERROR(IFERROR(VLOOKUP(L26, List!D:J, 7, 0), VLOOKUP(L26&"", List!D:J, 7, 0)), 0)=0, IF(IFERROR(IFERROR(VLOOKUP(L26, 'CND List'!$A:$C, 3, 0), VLOOKUP(L26&"", 'CND List'!$A:$C, 3, 0)), 0)=0, IF(A26="KBB", "-", ""), IFERROR(VLOOKUP(L26, 'CND List'!$A:$C, 3, 0), VLOOKUP(L26&"", 'CND List'!$A:$C, 3, 0)) ), IFERROR(VLOOKUP(L26, List!D:J, 7, 0), VLOOKUP(L26&"", List!D:J, 7, 0)) ) ) ) -> Standard Shipment | C26: =IF(A26="on hold", "on hold", IF(B26="on hold", "wait for return customer", IF(B26="CND Sceond Pass", "Standard Shipment", IF(AND(A26="kgb", OR(B26="-", B26="", B26="#N/A")), "Standard Shipment", IF(AND(A26="kbb", OR(B26="-", B26="", B26="#N/A")), "wait for return customer", IF(OR(B26="Local Scrap", B26="SBF to be notified", B26="VRAM is pending RTV", B26="BU未結案"), B26, IF(OR(B26="scrap結案", B26="良品結案", LEFT(B26,2)="sc", LEFT(B26,2)="良品"), "CND結案", IF(ISNUMBER(B26), YEAR(B26) & "Q" & INT((MONTH(B26)+2)/3), IF(ISERROR(DATEVALUE(TEXT(B26,"yyyy/mm/dd"))), IF(ISNA(B26), "#N/A", B26), YEAR(DATEVALUE(TEXT(B26,"yyyy/mm/dd"))) & "Q" & INT((MONTH(DATEVALUE(TEXT(B26,"yyyy/mm/dd")))+2)/3)))))))))) -> Standard Shipment | D26: =IF(C26="Local Scrap","Closed",IFERROR(IF(A26="kgb","Closed",IF(MID(C26,5,1)="Q","Closed",LOOKUP(TODAY()-W26, {0,31,91,181,366}, {"0-30天","31-90天","91-180天","181-365天","365天以上"}))), LOOKUP(TODAY()-Z26, {0,31,91,181,366}, {"0-30天","31-90天","91-180天","181-365天","365天以上"}))) -> Closed | E26: {=IF(A26<>"kbb", "", IF(IFERROR(VALUE(V26), 0)=MAX(INDEX(($A$2:$A$4929="kbb")*($L$2:$L$4929=L26)*IFERROR(VALUE($V$2:$V$4929), 0), 0)), "最新", "歷史重複"))} | F26: TO244000010 | G26: R | H26: PNY | I26: PNY_Asia | J26: 2024/05/06 14:51:25 | K26: 2024/04/30 12:44:09 | L26: 241139679000037 | M26: 69CV07U10A11 | N26: RTX4060TI/PG190SKU361/STD/PNY | P26: 241139679000037 | Q26: CLOSED | R26: 吳崇源 | S26: 2024/05/07 16:16:18 | T26: 2024/06/05 09:44:34 | U26: 2024/06/05 17:02:48 | V26: 2024/06/05 17:02:48 | Z26: 2024/05/07 16:02:39 | AA26: KEYIN | AB26: KEYIN | AC26: R10 | AD26: RTX4060TI | AE26: 2024/06/05 17:02:17 | AF26: 001 | AG26: 614671 | AH26: 1 | AI26: 1
A27: =IF(L27="","",IF(COUNTIF(Wip!K:K,L27)=0,IF(W27="","KGB","KBB"),IF(AND(_xlfn.IFNA(VLOOKUP(L27,Wip!K:M,3,0),"")="Y",Q27="MTCAPPLYCONF"),"On Hold",IF(W27="","KGB","KBB")))) -> KGB | B27: =IF(A27="on hold", "on hold", IF(A27="KGB", "Standard Shipment", IF(IFERROR(IFERROR(VLOOKUP(L27, List!D:J, 7, 0), VLOOKUP(L27&"", List!D:J, 7, 0)), 0)=0, IF(IFERROR(IFERROR(VLOOKUP(L27, 'CND List'!$A:$C, 3, 0), VLOOKUP(L27&"", 'CND List'!$A:$C, 3, 0)), 0)=0, IF(A27="KBB", "-", ""), IFERROR(VLOOKUP(L27, 'CND List'!$A:$C, 3, 0), VLOOKUP(L27&"", 'CND List'!$A:$C, 3, 0)) ), IFERROR(VLOOKUP(L27, List!D:J, 7, 0), VLOOKUP(L27&"", List!D:J, 7, 0)) ) ) ) -> Standard Shipment | C27: =IF(A27="on hold", "on hold", IF(B27="on hold", "wait for return customer", IF(B27="CND Sceond Pass", "Standard Shipment", IF(AND(A27="kgb", OR(B27="-", B27="", B27="#N/A")), "Standard Shipment", IF(AND(A27="kbb", OR(B27="-", B27="", B27="#N/A")), "wait for return customer", IF(OR(B27="Local Scrap", B27="SBF to be notified", B27="VRAM is pending RTV", B27="BU未結案"), B27, IF(OR(B27="scrap結案", B27="良品結案", LEFT(B27,2)="sc", LEFT(B27,2)="良品"), "CND結案", IF(ISNUMBER(B27), YEAR(B27) & "Q" & INT((MONTH(B27)+2)/3), IF(ISERROR(DATEVALUE(TEXT(B27,"yyyy/mm/dd"))), IF(ISNA(B27), "#N/A", B27), YEAR(DATEVALUE(TEXT(B27,"yyyy/mm/dd"))) & "Q" & INT((MONTH(DATEVALUE(TEXT(B27,"yyyy/mm/dd")))+2)/3)))))))))) -> Standard Shipment | D27: =IF(C27="Local Scrap","Closed",IFERROR(IF(A27="kgb","Closed",IF(MID(C27,5,1)="Q","Closed",LOOKUP(TODAY()-W27, {0,31,91,181,366}, {"0-30天","31-90天","91-180天","181-365天","365天以上"}))), LOOKUP(TODAY()-Z27, {0,31,91,181,366}, {"0-30天","31-90天","91-180天","181-365天","365天以上"}))) -> Closed | E27: {=IF(A27<>"kbb", "", IF(IFERROR(VALUE(V27), 0)=MAX(INDEX(($A$2:$A$4929="kbb")*($L$2:$L$4929=L27)*IFERROR(VALUE($V$2:$V$4929), 0), 0)), "最新", "歷史重複"))} | F27: TO244000010 | G27: R | H27: PNY | I27: PNY_Asia | J27: 2024/05/06 14:51:25 | K27: 2024/04/30 12:44:09 | L27: 239279689000011 | M27: 69CV07R10A01 | N27: RTX4070/PG141-SKU345/STD/PNY | P27: 239279689000011 | Q27: CLOSED | R27: 吳崇源 | S27: 2024/05/07 16:16:18 | T27: 2024/06/05 09:43:25 | U27: 2024/06/05 17:02:48 | V27: 2024/06/05 17:02:48 | Z27: 2024/05/07 16:04:49 | AA27: KEYIN | AB27: KEYIN | AC27: R10 | AD27: RTX4070 | AE27: 2024/06/05 17:02:17 | AF27: 001 | AG27: 614671 | AH27: 1 | AI27: 1
... A106: =IF(L106="","",IF(COUNTIF(Wip!K:K,L106)=0,IF(W106="","KGB","KBB"),IF(AND(_xlfn.IFNA(VLOOKUP(L106,Wip!K:M,3,0),"")="Y",Q106="MTCAPPLYCONF"),"On Hold",IF(W106="","KGB","KBB")))) -> KGB | B106: =IF(A106="on hold", "on hold", IF(A106="KGB", "Standard Shipment", IF(IFERROR(IFERROR(VLOOKUP(L106, List!D:J, 7, 0), VLOOKUP(L106&"", List!D:J, 7, 0)), 0)=0, IF(IFERROR(IFERROR(VLOOKUP(L106, 'CND List'!$A:$C, 3, 0), VLOOKUP(L106&"", 'CND List'!$A:$C, 3, 0)), 0)=0, IF(A106="KBB", "-", ""), IFERROR(VLOOKUP(L106, 'CND List'!$A:$C, 3, 0), VLOOKUP(L106&"", 'CND List'!$A:$C, 3, 0)) ), IFERROR(VLOOKUP(L106, List!D:J, 7, 0), VLOOKUP(L106&"", List!D:J, 7, 0)) ) ) ) -> Standard Shipment | C106: =IF(A106="on hold", "on hold", IF(B106="on hold", "wait for return customer", IF(B106="CND Sceond Pass", "Standard Shipment", IF(AND(A106="kgb", OR(B106="-", B106="", B106="#N/A")), "Standard Shipment", IF(AND(A106="kbb", OR(B106="-", B106="", B106="#N/A")), "wait for return customer", IF(OR(B106="Local Scrap", B106="SBF to be notified", B106="VRAM is pending RTV", B106="BU未結案"), B106, IF(OR(B106="scrap結案", B106="良品結案", LEFT(B106,2)="sc", LEFT(B106,2)="良品"), "CND結案", IF(ISNUMBER(B106), YEAR(B106) & "Q" & INT((MONTH(B106)+2)/3), IF(ISERROR(DATEVALUE(TEXT(B106,"yyyy/mm/dd"))), IF(ISNA(B106), "#N/A", B106), YEAR(DATEVALUE(TEXT(B106,"yyyy/mm/dd"))) & "Q" & INT((MONTH(DATEVALUE(TEXT(B106,"yyyy/mm/dd")))+2)/3)))))))))) -> Standard Shipment | D106: =IF(C106="Local Scrap","Closed",IFERROR(IF(A106="kgb","Closed",IF(MID(C106,5,1)="Q","Closed",LOOKUP(TODAY()-W106, {0,31,91,181,366}, {"0-30天","31-90天","91-180天","181-365天","365天以上"}))), LOOKUP(TODAY()-Z106, {0,31,91,181,366}, {"0-30天","31-90天","91-180天","181-365天","365天以上"}))) -> Closed | E106: {=IF(A106<>"kbb", "", IF(IFERROR(VALUE(V106), 0)=MAX(INDEX(($A$2:$A$4929="kbb")*($L$2:$L$4929=L106)*IFERROR(VALUE($V$2:$V$4929), 0), 0)), "最新", "歷史重複"))} | F106: TO247000013 | G106: R | H106: PNY | I106: PNY_Asia | J106: 2024/07/30 17:17:46 | K106: 2024/07/29 12:37:11 | L106: 243022189000034 | M106: 90CV07T10010 | N106: RTX4060/PG173-SKU371/GB/PNY | P106: 243022189000034 | Q106: CLOSED | R106: 吳崇源 | S106: 2024/07/31 12:26:19 | T106: 2024/08/05 17:03:33 | U106: 2024/08/06 16:43:19 | V106: 2024/08/06 16:43:19 | Z106: 2024/07/31 12:03:29 | AA106: KEYIN | AB106: KEYIN | AC106: R10 | AD106: RTX4060 | AE106: 2024/08/06 16:40:05 | AF106: 001 | AG106: 616040 | AH106: 1 | AI106: 1
A107: =IF(L107="","",IF(COUNTIF(Wip!K:K,L107)=0,IF(W107="","KGB","KBB"),IF(AND(_xlfn.IFNA(VLOOKUP(L107,Wip!K:M,3,0),"")="Y",Q107="MTCAPPLYCONF"),"On Hold",IF(W107="","KGB","KBB")))) -> KBB | B107: =IF(A107="on hold", "on hold", IF(A107="KGB", "Standard Shipment", IF(IFERROR(IFERROR(VLOOKUP(L107, List!D:J, 7, 0), VLOOKUP(L107&"", List!D:J, 7, 0)), 0)=0, IF(IFERROR(IFERROR(VLOOKUP(L107, 'CND List'!$A:$C, 3, 0), VLOOKUP(L107&"", 'CND List'!$A:$C, 3, 0)), 0)=0, IF(A107="KBB", "-", ""), IFERROR(VLOOKUP(L107, 'CND List'!$A:$C, 3, 0), VLOOKUP(L107&"", 'CND List'!$A:$C, 3, 0)) ), IFERROR(VLOOKUP(L107, List!D:J, 7, 0), VLOOKUP(L107&"", List!D:J, 7, 0)) ) ) ) -> Local Scrap | C107: =IF(A107="on hold", "on hold", IF(B107="on hold", "wait for return customer", IF(B107="CND Sceond Pass", "Standard Shipment", IF(AND(A107="kgb", OR(B107="-", B107="", B107="#N/A")), "Standard Shipment", IF(AND(A107="kbb", OR(B107="-", B107="", B107="#N/A")), "wait for return customer", IF(OR(B107="Local Scrap", B107="SBF to be notified", B107="VRAM is pending RTV", B107="BU未結案"), B107, IF(OR(B107="scrap結案", B107="良品結案", LEFT(B107,2)="sc", LEFT(B107,2)="良品"), "CND結案", IF(ISNUMBER(B107), YEAR(B107) & "Q" & INT((MONTH(B107)+2)/3), IF(ISERROR(DATEVALUE(TEXT(B107,"yyyy/mm/dd"))), IF(ISNA(B107), "#N/A", B107), YEAR(DATEVALUE(TEXT(B107,"yyyy/mm/dd"))) & "Q" & INT((MONTH(DATEVALUE(TEXT(B107,"yyyy/mm/dd")))+2)/3)))))))))) -> Local Scrap | D107: =IF(C107="Local Scrap","Closed",IFERROR(IF(A107="kgb","Closed",IF(MID(C107,5,1)="Q","Closed",LOOKUP(TODAY()-W107, {0,31,91,181,366}, {"0-30天","31-90天","91-180天","181-365天","365天以上"}))), LOOKUP(TODAY()-Z107, {0,31,91,181,366}, {"0-30天","31-90天","91-180天","181-365天","365天以上"}))) -> Closed | E107: {=IF(A107<>"kbb", "", IF(IFERROR(VALUE(V107), 0)=MAX(INDEX(($A$2:$A$4929="kbb")*($L$2:$L$4929=L107)*IFERROR(VALUE($V$2:$V$4929), 0), 0)), "最新", "歷史重複"))} -> 最新 | F107: TO248000003 | G107: R | H107: PNY | I107: PNY_Asia | J107: 2024/08/09 16:24:26 | K107: 2024/08/08 08:53:52 | L107: 246147389001342 | M107: 90CV07P30010 | N107: RTX4070TI/P141S323/GB/PNY | P107: 246147389001342 | Q107: CLOSED | R107: 吳崇源 | S107: 2024/08/12 12:37:56 | V107: 2024/11/11 12:22:02 | W107: [A3SC0020]Scrap cause by Parts shortage | X107: Customer | Y107: Consigned Part Shortage - Close | Z107: 2024/08/12 11:12:17 | AA107: KEYIN | AB107: KEYIN | AC107: C01 | AD107: RTX4070TI
A108: =IF(L108="","",IF(COUNTIF(Wip!K:K,L108)=0,IF(W108="","KGB","KBB"),IF(AND(_xlfn.IFNA(VLOOKUP(L108,Wip!K:M,3,0),"")="Y",Q108="MTCAPPLYCONF"),"On Hold",IF(W108="","KGB","KBB")))) -> KGB | B108: =IF(A108="on hold", "on hold", IF(A108="KGB", "Standard Shipment", IF(IFERROR(IFERROR(VLOOKUP(L108, List!D:J, 7, 0), VLOOKUP(L108&"", List!D:J, 7, 0)), 0)=0, IF(IFERROR(IFERROR(VLOOKUP(L108, 'CND List'!$A:$C, 3, 0), VLOOKUP(L108&"", 'CND List'!$A:$C, 3, 0)), 0)=0, IF(A108="KBB", "-", ""), IFERROR(VLOOKUP(L108, 'CND List'!$A:$C, 3, 0), VLOOKUP(L108&"", 'CND List'!$A:$C, 3, 0)) ), IFERROR(VLOOKUP(L108, List!D:J, 7, 0), VLOOKUP(L108&"", List!D:J, 7, 0)) ) ) ) -> Standard Shipment | C108: =IF(A108="on hold", "on hold", IF(B108="on hold", "wait for return customer", IF(B108="CND Sceond Pass", "Standard Shipment", IF(AND(A108="kgb", OR(B108="-", B108="", B108="#N/A")), "Standard Shipment", IF(AND(A108="kbb", OR(B108="-", B108="", B108="#N/A")), "wait for return customer", IF(OR(B108="Local Scrap", B108="SBF to be notified", B108="VRAM is pending RTV", B108="BU未結案"), B108, IF(OR(B108="scrap結案", B108="良品結案", LEFT(B108,2)="sc", LEFT(B108,2)="良品"), "CND結案", IF(ISNUMBER(B108), YEAR(B108) & "Q" & INT((MONTH(B108)+2)/3), IF(ISERROR(DATEVALUE(TEXT(B108,"yyyy/mm/dd"))), IF(ISNA(B108), "#N/A", B108), YEAR(DATEVALUE(TEXT(B108,"yyyy/mm/dd"))) & "Q" & INT((MONTH(DATEVALUE(TEXT(B108,"yyyy/mm/dd")))+2)/3)))))))))) -> Standard Shipment | D108: =IF(C108="Local Scrap","Closed",IFERROR(IF(A108="kgb","Closed",IF(MID(C108,5,1)="Q","Closed",LOOKUP(TODAY()-W108, {0,31,91,181,366}, {"0-30天","31-90天","91-180天","181-365天","365天以上"}))), LOOKUP(TODAY()-Z108, {0,31,91,181,366}, {"0-30天","31-90天","91-180天","181-365天","365天以上"}))) -> Closed | E108: {=IF(A108<>"kbb", "", IF(IFERROR(VALUE(V108), 0)=MAX(INDEX(($A$2:$A$4929="kbb")*($L$2:$L$4929=L108)*IFERROR(VALUE($V$2:$V$4929), 0), 0)), "最新", "歷史重複"))} | F108: TO248000003 | G108: R | H108: PNY | I108: PNY_Asia | J108: 2024/08/09 16:24:26 | K108: 2024/08/08 08:53:52 | L108: 246889569000240 | M108: 90CV07T40010 | N108: RTX4060/PG173-SKU371/GB/PNY | P108: 246889569000240 | Q108: CLOSED | R108: 吳崇源 | S108: 2024/08/12 12:37:56 | T108: 2024/09/04 17:51:47 | U108: 2024/09/05 15:57:17 | V108: 2024/09/05 15:57:17 | Z108: 2024/08/12 12:21:19 | AA108: KEYIN | AB108: KEYIN | AC108: R10 | AD108: RTX4060 | AE108: 2024/09/05 15:56:10 | AF108: 001 | AG108: 616790 | AH108: 1 | AI108: 1
A109: =IF(L109="","",IF(COUNTIF(Wip!K:K,L109)=0,IF(W109="","KGB","KBB"),IF(AND(_xlfn.IFNA(VLOOKUP(L109,Wip!K:M,3,0),"")="Y",Q109="MTCAPPLYCONF"),"On Hold",IF(W109="","KGB","KBB")))) -> KGB | B109: =IF(A109="on hold", "on hold", IF(A109="KGB", "Standard Shipment", IF(IFERROR(IFERROR(VLOOKUP(L109, List!D:J, 7, 0), VLOOKUP(L109&"", List!D:J, 7, 0)), 0)=0, IF(IFERROR(IFERROR(VLOOKUP(L109, 'CND List'!$A:$C, 3, 0), VLOOKUP(L109&"", 'CND List'!$A:$C, 3, 0)), 0)=0, IF(A109="KBB", "-", ""), IFERROR(VLOOKUP(L109, 'CND List'!$A:$C, 3, 0), VLOOKUP(L109&"", 'CND List'!$A:$C, 3, 0)) ), IFERROR(VLOOKUP(L109, List!D:J, 7, 0), VLOOKUP(L109&"", List!D:J, 7, 0)) ) ) ) -> Standard Shipment | C109: =IF(A109="on hold", "on hold", IF(B109="on hold", "wait for return customer", IF(B109="CND Sceond Pass", "Standard Shipment", IF(AND(A109="kgb", OR(B109="-", B109="", B109="#N/A")), "Standard Shipment", IF(AND(A109="kbb", OR(B109="-", B109="", B109="#N/A")), "wait for return customer", IF(OR(B109="Local Scrap", B109="SBF to be notified", B109="VRAM is pending RTV", B109="BU未結案"), B109, IF(OR(B109="scrap結案", B109="良品結案", LEFT(B109,2)="sc", LEFT(B109,2)="良品"), "CND結案", IF(ISNUMBER(B109), YEAR(B109) & "Q" & INT((MONTH(B109)+2)/3), IF(ISERROR(DATEVALUE(TEXT(B109,"yyyy/mm/dd"))), IF(ISNA(B109), "#N/A", B109), YEAR(DATEVALUE(TEXT(B109,"yyyy/mm/dd"))) & "Q" & INT((MONTH(DATEVALUE(TEXT(B109,"yyyy/mm/dd")))+2)/3)))))))))) -> Standard Shipment | D109: =IF(C109="Local Scrap","Closed",IFERROR(IF(A109="kgb","Closed",IF(MID(C109,5,1)="Q","Closed",LOOKUP(TODAY()-W109, {0,31,91,181,366}, {"0-30天","31-90天","91-180天","181-365天","365天以上"}))), LOOKUP(TODAY()-Z109, {0,31,91,181,366}, {"0-30天","31-90天","91-180天","181-365天","365天以上"}))) -> Closed | E109: {=IF(A109<>"kbb", "", IF(IFERROR(VALUE(V109), 0)=MAX(INDEX(($A$2:$A$4929="kbb")*($L$2:$L$4929=L109)*IFERROR(VALUE($V$2:$V$4929), 0), 0)), "最新", "歷史重複"))} | F109: TO248000003 | G109: R | H109: PNY | I109: PNY_Asia | J109: 2024/08/09 16:24:26 | K109: 2024/08/08 08:53:52 | L109: 237968980000091 | M109: 90CV07T10050 | N109: RTX4060/PG173-SKU371/GB/PNY | P109: 237968980000091 | Q109: CLOSED | R109: 吳崇源 | S109: 2024/08/12 12:37:56 | T109: 2024/08/14 09:47:25 | U109: 2024/08/14 16:41:39 | V109: 2024/08/14 16:41:38 | Z109: 2024/08/12 12:33:49 | AA109: KEYIN | AB109: KEYIN | AC109: R10 | AD109: RTX4060 | AE109: 2024/08/14 16:41:30 | AF109: 001 | AG109: 616138 | AH109: 1 | AI109: 1
A110: =IF(L110="","",IF(COUNTIF(Wip!K:K,L110)=0,IF(W110="","KGB","KBB"),IF(AND(_xlfn.IFNA(VLOOKUP(L110,Wip!K:M,3,0),"")="Y",Q110="MTCAPPLYCONF"),"On Hold",IF(W110="","KGB","KBB")))) -> KBB | B110: =IF(A110="on hold", "on hold", IF(A110="KGB", "Standard Shipment", IF(IFERROR(IFERROR(VLOOKUP(L110, List!D:J, 7, 0), VLOOKUP(L110&"", List!D:J, 7, 0)), 0)=0, IF(IFERROR(IFERROR(VLOOKUP(L110, 'CND List'!$A:$C, 3, 0), VLOOKUP(L110&"", 'CND List'!$A:$C, 3, 0)), 0)=0, IF(A110="KBB", "-", ""), IFERROR(VLOOKUP(L110, 'CND List'!$A:$C, 3, 0), VLOOKUP(L110&"", 'CND List'!$A:$C, 3, 0)) ), IFERROR(VLOOKUP(L110, List!D:J, 7, 0), VLOOKUP(L110&"", List!D:J, 7, 0)) ) ) ) -> Local Scrap | C110: =IF(A110="on hold", "on hold", IF(B110="on hold", "wait for return customer", IF(B110="CND Sceond Pass", "Standard Shipment", IF(AND(A110="kgb", OR(B110="-", B110="", B110="#N/A")), "Standard Shipment", IF(AND(A110="kbb", OR(B110="-", B110="", B110="#N/A")), "wait for return customer", IF(OR(B110="Local Scrap", B110="SBF to be notified", B110="VRAM is pending RTV", B110="BU未結案"), B110, IF(OR(B110="scrap結案", B110="良品結案", LEFT(B110,2)="sc", LEFT(B110,2)="良品"), "CND結案", IF(ISNUMBER(B110), YEAR(B110) & "Q" & INT((MONTH(B110)+2)/3), IF(ISERROR(DATEVALUE(TEXT(B110,"yyyy/mm/dd"))), IF(ISNA(B110), "#N/A", B110), YEAR(DATEVALUE(TEXT(B110,"yyyy/mm/dd"))) & "Q" & INT((MONTH(DATEVALUE(TEXT(B110,"yyyy/mm/dd")))+2)/3)))))))))) -> Local Scrap | D110: =IF(C110="Local Scrap","Closed",IFERROR(IF(A110="kgb","Closed",IF(MID(C110,5,1)="Q","Closed",LOOKUP(TODAY()-W110, {0,31,91,181,366}, {"0-30天","31-90天","91-180天","181-365天","365天以上"}))), LOOKUP(TODAY()-Z110, {0,31,91,181,366}, {"0-30天","31-90天","91-180天","181-365天","365天以上"}))) -> Closed | E110: {=IF(A110<>"kbb", "", IF(IFERROR(VALUE(V110), 0)=MAX(INDEX(($A$2:$A$4929="kbb")*($L$2:$L$4929=L110)*IFERROR(VALUE($V$2:$V$4929), 0), 0)), "最新", "歷史重複"))} -> 最新 | F110: TO248000003 | G110: R | H110: PNY | I110: PNY_Asia | J110: 2024/08/09 16:24:26 | K110: 2024/08/08 08:53:52 | L110: 246147389000793 | M110: 90CV07P30010 | N110: RTX4070TI/P141S323/GB/PNY | P110: 246147389000793 | Q110: CLOSED | R110: 吳崇源 | S110: 2024/08/12 12:37:56 | V110: 2024/11/11 12:26:07 | W110: [A3SC0020]Scrap cause by Parts shortage | X110: Customer | Y110: Consigned Part Shortage - Close | Z110: 2024/08/12 12:07:39 | AA110: KEYIN | AB110: KEYIN | AC110: C01 | AD110: RTX4070TI
A111: =IF(L111="","",IF(COUNTIF(Wip!K:K,L111)=0,IF(W111="","KGB","KBB"),IF(AND(_xlfn.IFNA(VLOOKUP(L111,Wip!K:M,3,0),"")="Y",Q111="MTCAPPLYCONF"),"On Hold",IF(W111="","KGB","KBB")))) -> KGB | B111: =IF(A111="on hold", "on hold", IF(A111="KGB", "Standard Shipment", IF(IFERROR(IFERROR(VLOOKUP(L111, List!D:J, 7, 0), VLOOKUP(L111&"", List!D:J, 7, 0)), 0)=0, IF(IFERROR(IFERROR(VLOOKUP(L111, 'CND List'!$A:$C, 3, 0), VLOOKUP(L111&"", 'CND List'!$A:$C, 3, 0)), 0)=0, IF(A111="KBB", "-", ""), IFERROR(VLOOKUP(L111, 'CND List'!$A:$C, 3, 0), VLOOKUP(L111&"", 'CND List'!$A:$C, 3, 0)) ), IFERROR(VLOOKUP(L111, List!D:J, 7, 0), VLOOKUP(L111&"", List!D:J, 7, 0)) ) ) ) -> Standard Shipment | C111: =IF(A111="on hold", "on hold", IF(B111="on hold", "wait for return customer", IF(B111="CND Sceond Pass", "Standard Shipment", IF(AND(A111="kgb", OR(B111="-", B111="", B111="#N/A")), "Standard Shipment", IF(AND(A111="kbb", OR(B111="-", B111="", B111="#N/A")), "wait for return customer", IF(OR(B111="Local Scrap", B111="SBF to be notified", B111="VRAM is pending RTV", B111="BU未結案"), B111, IF(OR(B111="scrap結案", B111="良品結案", LEFT(B111,2)="sc", LEFT(B111,2)="良品"), "CND結案", IF(ISNUMBER(B111), YEAR(B111) & "Q" & INT((MONTH(B111)+2)/3), IF(ISERROR(DATEVALUE(TEXT(B111,"yyyy/mm/dd"))), IF(ISNA(B111), "#N/A", B111), YEAR(DATEVALUE(TEXT(B111,"yyyy/mm/dd"))) & "Q" & INT((MONTH(DATEVALUE(TEXT(B111,"yyyy/mm/dd")))+2)/3)))))))))) -> Standard Shipment | D111: =IF(C111="Local Scrap","Closed",IFERROR(IF(A111="kgb","Closed",IF(MID(C111,5,1)="Q","Closed",LOOKUP(TODAY()-W111, {0,31,91,181,366}, {"0-30天","31-90天","91-180天","181-365天","365天以上"}))), LOOKUP(TODAY()-Z111, {0,31,91,181,366}, {"0-30天","31-90天","91-180天","181-365天","365天以上"}))) -> Closed | E111: {=IF(A111<>"kbb", "", IF(IFERROR(VALUE(V111), 0)=MAX(INDEX(($A$2:$A$4929="kbb")*($L$2:$L$4929=L111)*IFERROR(VALUE($V$2:$V$4929), 0), 0)), "最新", "歷史重複"))} | F111: TO248000003 | G111: R | H111: PNY | I111: PNY_Asia | J111: 2024/08/09 16:24:26 | K111: 2024/08/08 08:53:52 | L111: 237968999000599 | M111: 90CV07T10090 | N111: RTX4060/PG173-SKU371/GB/PNY | P111: 237968999000599 | Q111: CLOSED | R111: 吳崇源 | S111: 2024/08/12 12:37:56 | T111: 2024/08/14 10:24:46 | U111: 2024/08/14 16:41:38 | V111: 2024/08/14 16:41:38 | Z111: 2024/08/12 12:18:24 | AA111: KEYIN | AB111: KEYIN | AC111: R10 | AD111: RTX4060 | AE111: 2024/08/14 16:41:30 | AF111: 001 | AG111: 616138 | AH111: 1 | AI111: 1
A112: =IF(L112="","",IF(COUNTIF(Wip!K:K,L112)=0,IF(W112="","KGB","KBB"),IF(AND(_xlfn.IFNA(VLOOKUP(L112,Wip!K:M,3,0),"")="Y",Q112="MTCAPPLYCONF"),"On Hold",IF(W112="","KGB","KBB")))) -> KGB | B112: =IF(A112="on hold", "on hold", IF(A112="KGB", "Standard Shipment", IF(IFERROR(IFERROR(VLOOKUP(L112, List!D:J, 7, 0), VLOOKUP(L112&"", List!D:J, 7, 0)), 0)=0, IF(IFERROR(IFERROR(VLOOKUP(L112, 'CND List'!$A:$C, 3, 0), VLOOKUP(L112&"", 'CND List'!$A:$C, 3, 0)), 0)=0, IF(A112="KBB", "-", ""), IFERROR(VLOOKUP(L112, 'CND List'!$A:$C, 3, 0), VLOOKUP(L112&"", 'CND List'!$A:$C, 3, 0)) ), IFERROR(VLOOKUP(L112, List!D:J, 7, 0), VLOOKUP(L112&"", List!D:J, 7, 0)) ) ) ) -> Standard Shipment | C112: =IF(A112="on hold", "on hold", IF(B112="on hold", "wait for return customer", IF(B112="CND Sceond Pass", "Standard Shipment", IF(AND(A112="kgb", OR(B112="-", B112="", B112="#N/A")), "Standard Shipment", IF(AND(A112="kbb", OR(B112="-", B112="", B112="#N/A")), "wait for return customer", IF(OR(B112="Local Scrap", B112="SBF to be notified", B112="VRAM is pending RTV", B112="BU未結案"), B112, IF(OR(B112="scrap結案", B112="良品結案", LEFT(B112,2)="sc", LEFT(B112,2)="良品"), "CND結案", IF(ISNUMBER(B112), YEAR(B112) & "Q" & INT((MONTH(B112)+2)/3), IF(ISERROR(DATEVALUE(TEXT(B112,"yyyy/mm/dd"))), IF(ISNA(B112), "#N/A", B112), YEAR(DATEVALUE(TEXT(B112,"yyyy/mm/dd"))) & "Q" & INT((MONTH(DATEVALUE(TEXT(B112,"yyyy/mm/dd")))+2)/3)))))))))) -> Standard Shipment | D112: =IF(C112="Local Scrap","Closed",IFERROR(IF(A112="kgb","Closed",IF(MID(C112,5,1)="Q","Closed",LOOKUP(TODAY()-W112, {0,31,91,181,366}, {"0-30天","31-90天","91-180天","181-365天","365天以上"}))), LOOKUP(TODAY()-Z112, {0,31,91,181,366}, {"0-30天","31-90天","91-180天","181-365天","365天以上"}))) -> Closed | E112: {=IF(A112<>"kbb", "", IF(IFERROR(VALUE(V112), 0)=MAX(INDEX(($A$2:$A$4929="kbb")*($L$2:$L$4929=L112)*IFERROR(VALUE($V$2:$V$4929), 0), 0)), "最新", "歷史重複"))} | F112: TO248000003 | G112: R | H112: PNY | I112: PNY_Asia | J112: 2024/08/09 16:24:26 | K112: 2024/08/08 08:53:52 | L112: 244356619000411 | M112: 90CV07X20030 | N112: RTX4080/PG139SKU355/GB/PNY | P112: 244356619000411 | Q112: CLOSED | R112: 吳崇源 | S112: 2024/08/12 12:37:56 | T112: 2024/08/14 11:05:41 | U112: 2024/08/14 16:41:38 | V112: 2024/08/14 16:41:38 | Z112: 2024/08/12 11:18:12 | AA112: KEYIN | AB112: KEYIN | AC112: R10 | AD112: RTX4080 | AE112: 2024/08/14 16:41:30 | AF112: 001 | AG112: 616138 | AH112: 1 | AI112: 1
A113: =IF(L113="","",IF(COUNTIF(Wip!K:K,L113)=0,IF(W113="","KGB","KBB"),IF(AND(_xlfn.IFNA(VLOOKUP(L113,Wip!K:M,3,0),"")="Y",Q113="MTCAPPLYCONF"),"On Hold",IF(W113="","KGB","KBB")))) -> KGB | B113: =IF(A113="on hold", "on hold", IF(A113="KGB", "Standard Shipment", IF(IFERROR(IFERROR(VLOOKUP(L113, List!D:J, 7, 0), VLOOKUP(L113&"", List!D:J, 7, 0)), 0)=0, IF(IFERROR(IFERROR(VLOOKUP(L113, 'CND List'!$A:$C, 3, 0), VLOOKUP(L113&"", 'CND List'!$A:$C, 3, 0)), 0)=0, IF(A113="KBB", "-", ""), IFERROR(VLOOKUP(L113, 'CND List'!$A:$C, 3, 0), VLOOKUP(L113&"", 'CND List'!$A:$C, 3, 0)) ), IFERROR(VLOOKUP(L113, List!D:J, 7, 0), VLOOKUP(L113&"", List!D:J, 7, 0)) ) ) ) -> Standard Shipment | C113: =IF(A113="on hold", "on hold", IF(B113="on hold", "wait for return customer", IF(B113="CND Sceond Pass", "Standard Shipment", IF(AND(A113="kgb", OR(B113="-", B113="", B113="#N/A")), "Standard Shipment", IF(AND(A113="kbb", OR(B113="-", B113="", B113="#N/A")), "wait for return customer", IF(OR(B113="Local Scrap", B113="SBF to be notified", B113="VRAM is pending RTV", B113="BU未結案"), B113, IF(OR(B113="scrap結案", B113="良品結案", LEFT(B113,2)="sc", LEFT(B113,2)="良品"), "CND結案", IF(ISNUMBER(B113), YEAR(B113) & "Q" & INT((MONTH(B113)+2)/3), IF(ISERROR(DATEVALUE(TEXT(B113,"yyyy/mm/dd"))), IF(ISNA(B113), "#N/A", B113), YEAR(DATEVALUE(TEXT(B113,"yyyy/mm/dd"))) & "Q" & INT((MONTH(DATEVALUE(TEXT(B113,"yyyy/mm/dd")))+2)/3)))))))))) -> Standard Shipment | D113: =IF(C113="Local Scrap","Closed",IFERROR(IF(A113="kgb","Closed",IF(MID(C113,5,1)="Q","Closed",LOOKUP(TODAY()-W113, {0,31,91,181,366}, {"0-30天","31-90天","91-180天","181-365天","365天以上"}))), LOOKUP(TODAY()-Z113, {0,31,91,181,366}, {"0-30天","31-90天","91-180天","181-365天","365天以上"}))) -> Closed | E113: {=IF(A113<>"kbb", "", IF(IFERROR(VALUE(V113), 0)=MAX(INDEX(($A$2:$A$4929="kbb")*($L$2:$L$4929=L113)*IFERROR(VALUE($V$2:$V$4929), 0), 0)), "最新", "歷史重複"))} | F113: TO248000003 | G113: R | H113: PNY | I113: PNY_Asia | J113: 2024/08/09 16:24:26 | K113: 2024/08/08 08:53:52 | L113: 237756020000866 | M113: 90CV07T10010 | N113: RTX4060/PG173-SKU371/GB/PNY | P113: 237756020000866 | Q113: CLOSED | R113: 吳崇源 | S113: 2024/08/12 12:37:56 | T113: 2024/08/14 09:52:57 | U113: 2024/08/14 16:41:38 | V113: 2024/08/14 16:41:38 | Z113: 2024/08/12 12:25:03 | AA113: KEYIN | AB113: KEYIN | AC113: R10 | AD113: RTX4060 | AE113: 2024/08/14 16:41:30 | AF113: 001 | AG113: 616138 | AH113: 1 | AI113: 1
A114: =IF(L114="","",IF(COUNTIF(Wip!K:K,L114)=0,IF(W114="","KGB","KBB"),IF(AND(_xlfn.IFNA(VLOOKUP(L114,Wip!K:M,3,0),"")="Y",Q114="MTCAPPLYCONF"),"On Hold",IF(W114="","KGB","KBB")))) -> KGB | B114: =IF(A114="on hold", "on hold", IF(A114="KGB", "Standard Shipment", IF(IFERROR(IFERROR(VLOOKUP(L114, List!D:J, 7, 0), VLOOKUP(L114&"", List!D:J, 7, 0)), 0)=0, IF(IFERROR(IFERROR(VLOOKUP(L114, 'CND List'!$A:$C, 3, 0), VLOOKUP(L114&"", 'CND List'!$A:$C, 3, 0)), 0)=0, IF(A114="KBB", "-", ""), IFERROR(VLOOKUP(L114, 'CND List'!$A:$C, 3, 0), VLOOKUP(L114&"", 'CND List'!$A:$C, 3, 0)) ), IFERROR(VLOOKUP(L114, List!D:J, 7, 0), VLOOKUP(L114&"", List!D:J, 7, 0)) ) ) ) -> Standard Shipment | C114: =IF(A114="on hold", "on hold", IF(B114="on hold", "wait for return customer", IF(B114="CND Sceond Pass", "Standard Shipment", IF(AND(A114="kgb", OR(B114="-", B114="", B114="#N/A")), "Standard Shipment", IF(AND(A114="kbb", OR(B114="-", B114="", B114="#N/A")), "wait for return customer", IF(OR(B114="Local Scrap", B114="SBF to be notified", B114="VRAM is pending RTV", B114="BU未結案"), B114, IF(OR(B114="scrap結案", B114="良品結案", LEFT(B114,2)="sc", LEFT(B114,2)="良品"), "CND結案", IF(ISNUMBER(B114), YEAR(B114) & "Q" & INT((MONTH(B114)+2)/3), IF(ISERROR(DATEVALUE(TEXT(B114,"yyyy/mm/dd"))), IF(ISNA(B114), "#N/A", B114), YEAR(DATEVALUE(TEXT(B114,"yyyy/mm/dd"))) & "Q" & INT((MONTH(DATEVALUE(TEXT(B114,"yyyy/mm/dd")))+2)/3)))))))))) -> Standard Shipment | D114: =IF(C114="Local Scrap","Closed",IFERROR(IF(A114="kgb","Closed",IF(MID(C114,5,1)="Q","Closed",LOOKUP(TODAY()-W114, {0,31,91,181,366}, {"0-30天","31-90天","91-180天","181-365天","365天以上"}))), LOOKUP(TODAY()-Z114, {0,31,91,181,366}, {"0-30天","31-90天","91-180天","181-365天","365天以上"}))) -> Closed | E114: {=IF(A114<>"kbb", "", IF(IFERROR(VALUE(V114), 0)=MAX(INDEX(($A$2:$A$4929="kbb")*($L$2:$L$4929=L114)*IFERROR(VALUE($V$2:$V$4929), 0), 0)), "最新", "歷史重複"))} | F114: TO248000003 | G114: R | H114: PNY | I114: PNY_Asia | J114: 2024/08/09 16:24:26 | K114: 2024/08/08 08:53:52 | L114: 243483819000085 | M114: 90CV07T10060 | N114: RTX4060/PG173-SKU371/GB/PNY | P114: 243483819000085 | Q114: CLOSED | R114: 吳崇源 | S114: 2024/08/12 12:37:56 | T114: 2024/08/14 09:46:26 | U114: 2024/08/14 16:41:39 | V114: 2024/08/14 16:41:38 | Z114: 2024/08/12 12:30:51 | AA114: KEYIN | AB114: KEYIN | AC114: R10 | AD114: RTX4060 | AE114: 2024/08/14 16:41:30 | AF114: 001 | AG114: 616138 | AH114: 1 | AI114: 1
A115: =IF(L115="","",IF(COUNTIF(Wip!K:K,L115)=0,IF(W115="","KGB","KBB"),IF(AND(_xlfn.IFNA(VLOOKUP(L115,Wip!K:M,3,0),"")="Y",Q115="MTCAPPLYCONF"),"On Hold",IF(W115="","KGB","KBB")))) -> KGB | B115: =IF(A115="on hold", "on hold", IF(A115="KGB", "Standard Shipment", IF(IFERROR(IFERROR(VLOOKUP(L115, List!D:J, 7, 0), VLOOKUP(L115&"", List!D:J, 7, 0)), 0)=0, IF(IFERROR(IFERROR(VLOOKUP(L115, 'CND List'!$A:$C, 3, 0), VLOOKUP(L115&"", 'CND List'!$A:$C, 3, 0)), 0)=0, IF(A115="KBB", "-", ""), IFERROR(VLOOKUP(L115, 'CND List'!$A:$C, 3, 0), VLOOKUP(L115&"", 'CND List'!$A:$C, 3, 0)) ), IFERROR(VLOOKUP(L115, List!D:J, 7, 0), VLOOKUP(L115&"", List!D:J, 7, 0)) ) ) ) -> Standard Shipment | C115: =IF(A115="on hold", "on hold", IF(B115="on hold", "wait for return customer", IF(B115="CND Sceond Pass", "Standard Shipment", IF(AND(A115="kgb", OR(B115="-", B115="", B115="#N/A")), "Standard Shipment", IF(AND(A115="kbb", OR(B115="-", B115="", B115="#N/A")), "wait for return customer", IF(OR(B115="Local Scrap", B115="SBF to be notified", B115="VRAM is pending RTV", B115="BU未結案"), B115, IF(OR(B115="scrap結案", B115="良品結案", LEFT(B115,2)="sc", LEFT(B115,2)="良品"), "CND結案", IF(ISNUMBER(B115), YEAR(B115) & "Q" & INT((MONTH(B115)+2)/3), IF(ISERROR(DATEVALUE(TEXT(B115,"yyyy/mm/dd"))), IF(ISNA(B115), "#N/A", B115), YEAR(DATEVALUE(TEXT(B115,"yyyy/mm/dd"))) & "Q" & INT((MONTH(DATEVALUE(TEXT(B115,"yyyy/mm/dd")))+2)/3)))))))))) -> Standard Shipment | D115: =IF(C115="Local Scrap","Closed",IFERROR(IF(A115="kgb","Closed",IF(MID(C115,5,1)="Q","Closed",LOOKUP(TODAY()-W115, {0,31,91,181,366}, {"0-30天","31-90天","91-180天","181-365天","365天以上"}))), LOOKUP(TODAY()-Z115, {0,31,91,181,366}, {"0-30天","31-90天","91-180天","181-365天","365天以上"}))) -> Closed | E115: {=IF(A115<>"kbb", "", IF(IFERROR(VALUE(V115), 0)=MAX(INDEX(($A$2:$A$4929="kbb")*($L$2:$L$4929=L115)*IFERROR(VALUE($V$2:$V$4929), 0), 0)), "最新", "歷史重複"))} | F115: TO248000003 | G115: R | H115: PNY | I115: PNY_Asia | J115: 2024/08/09 16:24:26 | K115: 2024/08/08 08:53:52 | L115: 246147389000934 | M115: 90CV07P30010 | N115: RTX4070TI/P141S323/GB/PNY | P115: 246147389000934 | Q115: CLOSED | R115: 吳崇源 | S115: 2024/08/12 12:37:56 | T115: 2024/08/14 10:49:36 | U115: 2024/08/14 16:41:38 | V115: 2024/08/14 16:41:38 | Z115: 2024/08/12 12:13:19 | AA115: KEYIN | AB115: KEYIN | AC115: R10 | AD115: RTX4070TI | AE115: 2024/08/14 16:41:30 | AF115: 001 | AG115: 616138 | AH115: 1 | AI115: 1
A116: =IF(L116="","",IF(COUNTIF(Wip!K:K,L116)=0,IF(W116="","KGB","KBB"),IF(AND(_xlfn.IFNA(VLOOKUP(L116,Wip!K:M,3,0),"")="Y",Q116="MTCAPPLYCONF"),"On Hold",IF(W116="","KGB","KBB")))) -> KGB | B116: =IF(A116="on hold", "on hold", IF(A116="KGB", "Standard Shipment", IF(IFERROR(IFERROR(VLOOKUP(L116, List!D:J, 7, 0), VLOOKUP(L116&"", List!D:J, 7, 0)), 0)=0, IF(IFERROR(IFERROR(VLOOKUP(L116, 'CND List'!$A:$C, 3, 0), VLOOKUP(L116&"", 'CND List'!$A:$C, 3, 0)), 0)=0, IF(A116="KBB", "-", ""), IFERROR(VLOOKUP(L116, 'CND List'!$A:$C, 3, 0), VLOOKUP(L116&"", 'CND List'!$A:$C, 3, 0)) ), IFERROR(VLOOKUP(L116, List!D:J, 7, 0), VLOOKUP(L116&"", List!D:J, 7, 0)) ) ) ) -> Standard Shipment | C116: =IF(A116="on hold", "on hold", IF(B116="on hold", "wait for return customer", IF(B116="CND Sceond Pass", "Standard Shipment", IF(AND(A116="kgb", OR(B116="-", B116="", B116="#N/A")), "Standard Shipment", IF(AND(A116="kbb", OR(B116="-", B116="", B116="#N/A")), "wait for return customer", IF(OR(B116="Local Scrap", B116="SBF to be notified", B116="VRAM is pending RTV", B116="BU未結案"), B116, IF(OR(B116="scrap結案", B116="良品結案", LEFT(B116,2)="sc", LEFT(B116,2)="良品"), "CND結案", IF(ISNUMBER(B116), YEAR(B116) & "Q" & INT((MONTH(B116)+2)/3), IF(ISERROR(DATEVALUE(TEXT(B116,"yyyy/mm/dd"))), IF(ISNA(B116), "#N/A", B116), YEAR(DATEVALUE(TEXT(B116,"yyyy/mm/dd"))) & "Q" & INT((MONTH(DATEVALUE(TEXT(B116,"yyyy/mm/dd")))+2)/3)))))))))) -> Standard Shipment | D116: =IF(C116="Local Scrap","Closed",IFERROR(IF(A116="kgb","Closed",IF(MID(C116,5,1)="Q","Closed",LOOKUP(TODAY()-W116, {0,31,91,181,366}, {"0-30天","31-90天","91-180天","181-365天","365天以上"}))), LOOKUP(TODAY()-Z116, {0,31,91,181,366}, {"0-30天","31-90天","91-180天","181-365天","365天以上"}))) -> Closed | E116: {=IF(A116<>"kbb", "", IF(IFERROR(VALUE(V116), 0)=MAX(INDEX(($A$2:$A$4929="kbb")*($L$2:$L$4929=L116)*IFERROR(VALUE($V$2:$V$4929), 0), 0)), "最新", "歷史重複"))} | F116: TO248000009 | G116: R | H116: PNY | I116: PNY_Asia | J116: 2024/08/23 14:43:19 | K116: 2024/08/21 14:53:07 | L116: PNY221208002469 | M116: 90CV-07S0010 | N116: RTX4090/PG139-SKU330/GB/PNY | P116: PNY221208002469 | Q116: CLOSED | R116: 吳崇源 | S116: 2024/08/29 16:15:43 | T116: 2024/09/04 17:51:01 | U116: 2024/09/05 15:57:17 | V116: 2024/09/05 15:57:17 | Z116: 2024/08/29 16:10:57 | AA116: KEYIN | AB116: KEYIN | AC116: R10 | AD116: RTX4090 | AE116: 2024/09/05 15:56:10 | AF116: 001 | AG116: 616790 | AH116: 1 | AI116: 1
A117: =IF(L117="","",IF(COUNTIF(Wip!K:K,L117)=0,IF(W117="","KGB","KBB"),IF(AND(_xlfn.IFNA(VLOOKUP(L117,Wip!K:M,3,0),"")="Y",Q117="MTCAPPLYCONF"),"On Hold",IF(W117="","KGB","KBB")))) -> KGB | B117: =IF(A117="on hold", "on hold", IF(A117="KGB", "Standard Shipment", IF(IFERROR(IFERROR(VLOOKUP(L117, List!D:J, 7, 0), VLOOKUP(L117&"", List!D:J, 7, 0)), 0)=0, IF(IFERROR(IFERROR(VLOOKUP(L117, 'CND List'!$A:$C, 3, 0), VLOOKUP(L117&"", 'CND List'!$A:$C, 3, 0)), 0)=0, IF(A117="KBB", "-", ""), IFERROR(VLOOKUP(L117, 'CND List'!$A:$C, 3, 0), VLOOKUP(L117&"", 'CND List'!$A:$C, 3, 0)) ), IFERROR(VLOOKUP(L117, List!D:J, 7, 0), VLOOKUP(L117&"", List!D:J, 7, 0)) ) ) ) -> Standard Shipment | C117: =IF(A117="on hold", "on hold", IF(B117="on hold", "wait for return customer", IF(B117="CND Sceond Pass", "Standard Shipment", IF(AND(A117="kgb", OR(B117="-", B117="", B117="#N/A")), "Standard Shipment", IF(AND(A117="kbb", OR(B117="-", B117="", B117="#N/A")), "wait for return customer", IF(OR(B117="Local Scrap", B117="SBF to be notified", B117="VRAM is pending RTV", B117="BU未結案"), B117, IF(OR(B117="scrap結案", B117="良品結案", LEFT(B117,2)="sc", LEFT(B117,2)="良品"), "CND結案", IF(ISNUMBER(B117), YEAR(B117) & "Q" & INT((MONTH(B117)+2)/3), IF(ISERROR(DATEVALUE(TEXT(B117,"yyyy/mm/dd"))), IF(ISNA(B117), "#N/A", B117), YEAR(DATEVALUE(TEXT(B117,"yyyy/mm/dd"))) & "Q" & INT((MONTH(DATEVALUE(TEXT(B117,"yyyy/mm/dd")))+2)/3)))))))))) -> Standard Shipment | D117: =IF(C117="Local Scrap","Closed",IFERROR(IF(A117="kgb","Closed",IF(MID(C117,5,1)="Q","Closed",LOOKUP(TODAY()-W117, {0,31,91,181,366}, {"0-30天","31-90天","91-180天","181-365天","365天以上"}))), LOOKUP(TODAY()-Z117, {0,31,91,181,366}, {"0-30天","31-90天","91-180天","181-365天","365天以上"}))) -> Closed | E117: {=IF(A117<>"kbb", "", IF(IFERROR(VALUE(V117), 0)=MAX(INDEX(($A$2:$A$4929="kbb")*($L$2:$L$4929=L117)*IFERROR(VALUE($V$2:$V$4929), 0), 0)), "最新", "歷史重複"))} | F117: TO248000009 | G117: R | H117: PNY | I117: PNY_Asia | J117: 2024/08/23 14:43:19 | K117: 2024/08/21 14:53:07 | L117: PNY230816000416 | M117: 90CV07S10050 | N117: RTX4090/PG139-SKU332/GB/PNY | P117: PNY230816000416 | Q117: CLOSED | R117: 吳崇源 | S117: 2024/08/29 16:15:44 | T117: 2024/09/04 17:50:45 | U117: 2024/09/05 15:57:17 | V117: 2024/09/05 15:57:17 | Z117: 2024/08/29 16:02:40 | AA117: KEYIN | AB117: KEYIN | AC117: R10 | AD117: RTX4090 | AE117: 2024/09/05 15:56:10 | AF117: 001 | AG117: 616790 | AH117: 1 | AI117: 1
A118: =IF(L118="","",IF(COUNTIF(Wip!K:K,L118)=0,IF(W118="","KGB","KBB"),IF(AND(_xlfn.IFNA(VLOOKUP(L118,Wip!K:M,3,0),"")="Y",Q118="MTCAPPLYCONF"),"On Hold",IF(W118="","KGB","KBB")))) -> KGB | B118: =IF(A118="on hold", "on hold", IF(A118="KGB", "Standard Shipment", IF(IFERROR(IFERROR(VLOOKUP(L118, List!D:J, 7, 0), VLOOKUP(L118&"", List!D:J, 7, 0)), 0)=0, IF(IFERROR(IFERROR(VLOOKUP(L118, 'CND List'!$A:$C, 3, 0), VLOOKUP(L118&"", 'CND List'!$A:$C, 3, 0)), 0)=0, IF(A118="KBB", "-", ""), IFERROR(VLOOKUP(L118, 'CND List'!$A:$C, 3, 0), VLOOKUP(L118&"", 'CND List'!$A:$C, 3, 0)) ), IFERROR(VLOOKUP(L118, List!D:J, 7, 0), VLOOKUP(L118&"", List!D:J, 7, 0)) ) ) ) -> Standard Shipment | C118: =IF(A118="on hold", "on hold", IF(B118="on hold", "wait for return customer", IF(B118="CND Sceond Pass", "Standard Shipment", IF(AND(A118="kgb", OR(B118="-", B118="", B118="#N/A")), "Standard Shipment", IF(AND(A118="kbb", OR(B118="-", B118="", B118="#N/A")), "wait for return customer", IF(OR(B118="Local Scrap", B118="SBF to be notified", B118="VRAM is pending RTV", B118="BU未結案"), B118, IF(OR(B118="scrap結案", B118="良品結案", LEFT(B118,2)="sc", LEFT(B118,2)="良品"), "CND結案", IF(ISNUMBER(B118), YEAR(B118) & "Q" & INT((MONTH(B118)+2)/3), IF(ISERROR(DATEVALUE(TEXT(B118,"yyyy/mm/dd"))), IF(ISNA(B118), "#N/A", B118), YEAR(DATEVALUE(TEXT(B118,"yyyy/mm/dd"))) & "Q" & INT((MONTH(DATEVALUE(TEXT(B118,"yyyy/mm/dd")))+2)/3)))))))))) -> Standard Shipment | D118: =IF(C118="Local Scrap","Closed",IFERROR(IF(A118="kgb","Closed",IF(MID(C118,5,1)="Q","Closed",LOOKUP(TODAY()-W118, {0,31,91,181,366}, {"0-30天","31-90天","91-180天","181-365天","365天以上"}))), LOOKUP(TODAY()-Z118, {0,31,91,181,366}, {"0-30天","31-90天","91-180天","181-365天","365天以上"}))) -> Closed | E118: {=IF(A118<>"kbb", "", IF(IFERROR(VALUE(V118), 0)=MAX(INDEX(($A$2:$A$4929="kbb")*($L$2:$L$4929=L118)*IFERROR(VALUE($V$2:$V$4929), 0), 0)), "最新", "歷史重複"))} | F118: TO248000009 | G118: R | H118: PNY | I118: PNY_Asia | J118: 2024/08/23 14:43:19 | K118: 2024/08/21 14:53:07 | L118: PNY221209002057 | M118: 90CV-07S0010 | N118: RTX4090/PG139-SKU330/GB/PNY | P118: PNY221209002057 | Q118: CLOSED | R118: 吳崇源 | S118: 2024/08/29 16:15:43 | T118: 2024/09/04 17:51:05 | U118: 2024/09/05 15:57:17 | V118: 2024/09/05 15:57:17 | Z118: 2024/08/29 16:07:09 | AA118: KEYIN | AB118: KEYIN | AC118: R10 | AD118: RTX4090 | AE118: 2024/09/05 15:56:10 | AF118: 001 | AG118: 616790 | AH118: 1 | AI118: 1
A119: =IF(L119="","",IF(COUNTIF(Wip!K:K,L119)=0,IF(W119="","KGB","KBB"),IF(AND(_xlfn.IFNA(VLOOKUP(L119,Wip!K:M,3,0),"")="Y",Q119="MTCAPPLYCONF"),"On Hold",IF(W119="","KGB","KBB")))) -> KGB | B119: =IF(A119="on hold", "on hold", IF(A119="KGB", "Standard Shipment", IF(IFERROR(IFERROR(VLOOKUP(L119, List!D:J, 7, 0), VLOOKUP(L119&"", List!D:J, 7, 0)), 0)=0, IF(IFERROR(IFERROR(VLOOKUP(L119, 'CND List'!$A:$C, 3, 0), VLOOKUP(L119&"", 'CND List'!$A:$C, 3, 0)), 0)=0, IF(A119="KBB", "-", ""), IFERROR(VLOOKUP(L119, 'CND List'!$A:$C, 3, 0), VLOOKUP(L119&"", 'CND List'!$A:$C, 3, 0)) ), IFERROR(VLOOKUP(L119, List!D:J, 7, 0), VLOOKUP(L119&"", List!D:J, 7, 0)) ) ) ) -> Standard Shipment | C119: =IF(A119="on hold", "on hold", IF(B119="on hold", "wait for return customer", IF(B119="CND Sceond Pass", "Standard Shipment", IF(AND(A119="kgb", OR(B119="-", B119="", B119="#N/A")), "Standard Shipment", IF(AND(A119="kbb", OR(B119="-", B119="", B119="#N/A")), "wait for return customer", IF(OR(B119="Local Scrap", B119="SBF to be notified", B119="VRAM is pending RTV", B119="BU未結案"), B119, IF(OR(B119="scrap結案", B119="良品結案", LEFT(B119,2)="sc", LEFT(B119,2)="良品"), "CND結案", IF(ISNUMBER(B119), YEAR(B119) & "Q" & INT((MONTH(B119)+2)/3), IF(ISERROR(DATEVALUE(TEXT(B119,"yyyy/mm/dd"))), IF(ISNA(B119), "#N/A", B119), YEAR(DATEVALUE(TEXT(B119,"yyyy/mm/dd"))) & "Q" & INT((MONTH(DATEVALUE(TEXT(B119,"yyyy/mm/dd")))+2)/3)))))))))) -> Standard Shipment | D119: =IF(C119="Local Scrap","Closed",IFERROR(IF(A119="kgb","Closed",IF(MID(C119,5,1)="Q","Closed",LOOKUP(TODAY()-W119, {0,31,91,181,366}, {"0-30天","31-90天","91-180天","181-365天","365天以上"}))), LOOKUP(TODAY()-Z119, {0,31,91,181,366}, {"0-30天","31-90天","91-180天","181-365天","365天以上"}))) -> Closed | E119: {=IF(A119<>"kbb", "", IF(IFERROR(VALUE(V119), 0)=MAX(INDEX(($A$2:$A$4929="kbb")*($L$2:$L$4929=L119)*IFERROR(VALUE($V$2:$V$4929), 0), 0)), "最新", "歷史重複"))} | F119: TO248000011 | G119: R | H119: PNY | I119: PNY_Asia | J119: 2024/08/27 15:40:31 | K119: 2024/08/23 15:06:24 | L119: 247698399000555 | M119: 90CV07R60050 | N119: RTX4070/PG141SKU335/GB/PNY | P119: 247698399000555 | Q119: CLOSED | R119: 吳崇源 | S119: 2024/08/29 16:01:15 | T119: 2024/09/03 11:14:02 | U119: 2024/09/03 14:26:55 | V119: 2024/09/03 14:26:55 | Z119: 2024/08/29 15:56:01 | AA119: KEYIN | AB119: KEYIN | AC119: R10 | AD119: RTX4070 | AE119: 2024/09/03 14:26:43 | AF119: 001 | AG119: 616685 | AH119: 1 | AI119: 1
A120: =IF(L120="","",IF(COUNTIF(Wip!K:K,L120)=0,IF(W120="","KGB","KBB"),IF(AND(_xlfn.IFNA(VLOOKUP(L120,Wip!K:M,3,0),"")="Y",Q120="MTCAPPLYCONF"),"On Hold",IF(W120="","KGB","KBB")))) -> KGB | B120: =IF(A120="on hold", "on hold", IF(A120="KGB", "Standard Shipment", IF(IFERROR(IFERROR(VLOOKUP(L120, List!D:J, 7, 0), VLOOKUP(L120&"", List!D:J, 7, 0)), 0)=0, IF(IFERROR(IFERROR(VLOOKUP(L120, 'CND List'!$A:$C, 3, 0), VLOOKUP(L120&"", 'CND List'!$A:$C, 3, 0)), 0)=0, IF(A120="KBB", "-", ""), IFERROR(VLOOKUP(L120, 'CND List'!$A:$C, 3, 0), VLOOKUP(L120&"", 'CND List'!$A:$C, 3, 0)) ), IFERROR(VLOOKUP(L120, List!D:J, 7, 0), VLOOKUP(L120&"", List!D:J, 7, 0)) ) ) ) -> Standard Shipment | C120: =IF(A120="on hold", "on hold", IF(B120="on hold", "wait for return customer", IF(B120="CND Sceond Pass", "Standard Shipment", IF(AND(A120="kgb", OR(B120="-", B120="", B120="#N/A")), "Standard Shipment", IF(AND(A120="kbb", OR(B120="-", B120="", B120="#N/A")), "wait for return customer", IF(OR(B120="Local Scrap", B120="SBF to be notified", B120="VRAM is pending RTV", B120="BU未結案"), B120, IF(OR(B120="scrap結案", B120="良品結案", LEFT(B120,2)="sc", LEFT(B120,2)="良品"), "CND結案", IF(ISNUMBER(B120), YEAR(B120) & "Q" & INT((MONTH(B120)+2)/3), IF(ISERROR(DATEVALUE(TEXT(B120,"yyyy/mm/dd"))), IF(ISNA(B120), "#N/A", B120), YEAR(DATEVALUE(TEXT(B120,"yyyy/mm/dd"))) & "Q" & INT((MONTH(DATEVALUE(TEXT(B120,"yyyy/mm/dd")))+2)/3)))))))))) -> Standard Shipment | D120: =IF(C120="Local Scrap","Closed",IFERROR(IF(A120="kgb","Closed",IF(MID(C120,5,1)="Q","Closed",LOOKUP(TODAY()-W120, {0,31,91,181,366}, {"0-30天","31-90天","91-180天","181-365天","365天以上"}))), LOOKUP(TODAY()-Z120, {0,31,91,181,366}, {"0-30天","31-90天","91-180天","181-365天","365天以上"}))) -> Closed | E120: {=IF(A120<>"kbb", "", IF(IFERROR(VALUE(V120), 0)=MAX(INDEX(($A$2:$A$4929="kbb")*($L$2:$L$4929=L120)*IFERROR(VALUE($V$2:$V$4929), 0), 0)), "最新", "歷史重複"))} | F120: TO248000011 | G120: R | H120: PNY | I120: PNY_Asia | J120: 2024/08/27 15:40:31 | K120: 2024/08/23 15:06:24 | L120: 241139679000214 | M120: 90CV07U100A0 | N120: RTX4060TI/PG190SKU361/GB/PNY | P120: 241139679000214 | Q120: CLOSED | R120: 吳崇源 | S120: 2024/08/29 16:01:15 | T120: 2024/09/03 11:13:55 | U120: 2024/09/03 14:26:55 | V120: 2024/09/03 14:26:55 | Z120: 2024/08/29 15:52:45 | AA120: KEYIN | AB120: KEYIN | AC120: R10 | AD120: RTX4060TI | AE120: 2024/09/03 14:26:43 | AF120: 001 | AG120: 616685 | AH120: 1 | AI120: 1
A121: =IF(L121="","",IF(COUNTIF(Wip!K:K,L121)=0,IF(W121="","KGB","KBB"),IF(AND(_xlfn.IFNA(VLOOKUP(L121,Wip!K:M,3,0),"")="Y",Q121="MTCAPPLYCONF"),"On Hold",IF(W121="","KGB","KBB")))) -> KBB | B121: =IF(A121="on hold", "on hold", IF(A121="KGB", "Standard Shipment", IF(IFERROR(IFERROR(VLOOKUP(L121, List!D:J, 7, 0), VLOOKUP(L121&"", List!D:J, 7, 0)), 0)=0, IF(IFERROR(IFERROR(VLOOKUP(L121, 'CND List'!$A:$C, 3, 0), VLOOKUP(L121&"", 'CND List'!$A:$C, 3, 0)), 0)=0, IF(A121="KBB", "-", ""), IFERROR(VLOOKUP(L121, 'CND List'!$A:$C, 3, 0), VLOOKUP(L121&"", 'CND List'!$A:$C, 3, 0)) ), IFERROR(VLOOKUP(L121, List!D:J, 7, 0), VLOOKUP(L121&"", List!D:J, 7, 0)) ) ) ) -> Local Scrap | C121: =IF(A121="on hold", "on hold", IF(B121="on hold", "wait for return customer", IF(B121="CND Sceond Pass", "Standard Shipment", IF(AND(A121="kgb", OR(B121="-", B121="", B121="#N/A")), "Standard Shipment", IF(AND(A121="kbb", OR(B121="-", B121="", B121="#N/A")), "wait for return customer", IF(OR(B121="Local Scrap", B121="SBF to be notified", B121="VRAM is pending RTV", B121="BU未結案"), B121, IF(OR(B121="scrap結案", B121="良品結案", LEFT(B121,2)="sc", LEFT(B121,2)="良品"), "CND結案", IF(ISNUMBER(B121), YEAR(B121) & "Q" & INT((MONTH(B121)+2)/3), IF(ISERROR(DATEVALUE(TEXT(B121,"yyyy/mm/dd"))), IF(ISNA(B121), "#N/A", B121), YEAR(DATEVALUE(TEXT(B121,"yyyy/mm/dd"))) & "Q" & INT((MONTH(DATEVALUE(TEXT(B121,"yyyy/mm/dd")))+2)/3)))))))))) -> Local Scrap | D121: =IF(C121="Local Scrap","Closed",IFERROR(IF(A121="kgb","Closed",IF(MID(C121,5,1)="Q","Closed",LOOKUP(TODAY()-W121, {0,31,91,181,366}, {"0-30天","31-90天","91-180天","181-365天","365天以上"}))), LOOKUP(TODAY()-Z121, {0,31,91,181,366}, {"0-30天","31-90天","91-180天","181-365天","365天以上"}))) -> Closed | E121: {=IF(A121<>"kbb", "", IF(IFERROR(VALUE(V121), 0)=MAX(INDEX(($A$2:$A$4929="kbb")*($L$2:$L$4929=L121)*IFERROR(VALUE($V$2:$V$4929), 0), 0)), "最新", "歷史重複"))} -> 最新 | F121: TO248000011 | G121: R | H121: PNY | I121: PNY_Asia | J121: 2024/08/27 15:40:31 | K121: 2024/08/23 15:06:24 | L121: 243481479001142 | M121: 90CV07T10010 | N121: RTX4060/PG173-SKU371/GB/PNY | P121: 243481479001142 | Q121: CLOSED | R121: 吳崇源 | S121: 2024/08/29 16:01:15 | V121: 2024/11/11 12:19:11 | W121: [A3SC0020]Scrap cause by Parts shortage | X121: Customer | Y121: Consigned Part Shortage - Close | Z121: 2024/08/29 15:44:34 | AA121: KEYIN | AB121: KEYIN | AC121: C01 | AD121: RTX4060
A122: =IF(L122="","",IF(COUNTIF(Wip!K:K,L122)=0,IF(W122="","KGB","KBB"),IF(AND(_xlfn.IFNA(VLOOKUP(L122,Wip!K:M,3,0),"")="Y",Q122="MTCAPPLYCONF"),"On Hold",IF(W122="","KGB","KBB")))) -> KGB | B122: =IF(A122="on hold", "on hold", IF(A122="KGB", "Standard Shipment", IF(IFERROR(IFERROR(VLOOKUP(L122, List!D:J, 7, 0), VLOOKUP(L122&"", List!D:J, 7, 0)), 0)=0, IF(IFERROR(IFERROR(VLOOKUP(L122, 'CND List'!$A:$C, 3, 0), VLOOKUP(L122&"", 'CND List'!$A:$C, 3, 0)), 0)=0, IF(A122="KBB", "-", ""), IFERROR(VLOOKUP(L122, 'CND List'!$A:$C, 3, 0), VLOOKUP(L122&"", 'CND List'!$A:$C, 3, 0)) ), IFERROR(VLOOKUP(L122, List!D:J, 7, 0), VLOOKUP(L122&"", List!D:J, 7, 0)) ) ) ) -> Standard Shipment | C122: =IF(A122="on hold", "on hold", IF(B122="on hold", "wait for return customer", IF(B122="CND Sceond Pass", "Standard Shipment", IF(AND(A122="kgb", OR(B122="-", B122="", B122="#N/A")), "Standard Shipment", IF(AND(A122="kbb", OR(B122="-", B122="", B122="#N/A")), "wait for return customer", IF(OR(B122="Local Scrap", B122="SBF to be notified", B122="VRAM is pending RTV", B122="BU未結案"), B122, IF(OR(B122="scrap結案", B122="良品結案", LEFT(B122,2)="sc", LEFT(B122,2)="良品"), "CND結案", IF(ISNUMBER(B122), YEAR(B122) & "Q" & INT((MONTH(B122)+2)/3), IF(ISERROR(DATEVALUE(TEXT(B122,"yyyy/mm/dd"))), IF(ISNA(B122), "#N/A", B122), YEAR(DATEVALUE(TEXT(B122,"yyyy/mm/dd"))) & "Q" & INT((MONTH(DATEVALUE(TEXT(B122,"yyyy/mm/dd")))+2)/3)))))))))) -> Standard Shipment | D122: =IF(C122="Local Scrap","Closed",IFERROR(IF(A122="kgb","Closed",IF(MID(C122,5,1)="Q","Closed",LOOKUP(TODAY()-W122, {0,31,91,181,366}, {"0-30天","31-90天","91-180天","181-365天","365天以上"}))), LOOKUP(TODAY()-Z122, {0,31,91,181,366}, {"0-30天","31-90天","91-180天","181-365天","365天以上"}))) -> Closed | E122: {=IF(A122<>"kbb", "", IF(IFERROR(VALUE(V122), 0)=MAX(INDEX(($A$2:$A$4929="kbb")*($L$2:$L$4929=L122)*IFERROR(VALUE($V$2:$V$4929), 0), 0)), "最新", "歷史重複"))} | F122: TO248000011 | G122: R | H122: PNY | I122: PNY_Asia | J122: 2024/08/27 15:40:31 | K122: 2024/08/23 15:06:24 | L122: 246889569000227 | M122: 90CV07T40010 | N122: RTX4060/PG173-SKU371/GB/PNY | P122: 246889569000227 | Q122: CLOSED | R122: 吳崇源 | S122: 2024/08/29 16:01:15 | T122: 2024/09/27 12:52:18 | U122: 2024/10/07 17:03:33 | V122: 2024/10/07 17:03:33 | Z122: 2024/08/29 15:50:15 | AA122: KEYIN | AB122: KEYIN | AC122: R10 | AD122: RTX4060 | AE122: 2024/10/07 17:02:17 | AF122: 001 | AG122: 617414 | AH122: 1 | AI122: 1
A123: =IF(L123="","",IF(COUNTIF(Wip!K:K,L123)=0,IF(W123="","KGB","KBB"),IF(AND(_xlfn.IFNA(VLOOKUP(L123,Wip!K:M,3,0),"")="Y",Q123="MTCAPPLYCONF"),"On Hold",IF(W123="","KGB","KBB")))) -> KGB | B123: =IF(A123="on hold", "on hold", IF(A123="KGB", "Standard Shipment", IF(IFERROR(IFERROR(VLOOKUP(L123, List!D:J, 7, 0), VLOOKUP(L123&"", List!D:J, 7, 0)), 0)=0, IF(IFERROR(IFERROR(VLOOKUP(L123, 'CND List'!$A:$C, 3, 0), VLOOKUP(L123&"", 'CND List'!$A:$C, 3, 0)), 0)=0, IF(A123="KBB", "-", ""), IFERROR(VLOOKUP(L123, 'CND List'!$A:$C, 3, 0), VLOOKUP(L123&"", 'CND List'!$A:$C, 3, 0)) ), IFERROR(VLOOKUP(L123, List!D:J, 7, 0), VLOOKUP(L123&"", List!D:J, 7, 0)) ) ) ) -> Standard Shipment | C123: =IF(A123="on hold", "on hold", IF(B123="on hold", "wait for return customer", IF(B123="CND Sceond Pass", "Standard Shipment", IF(AND(A123="kgb", OR(B123="-", B123="", B123="#N/A")), "Standard Shipment", IF(AND(A123="kbb", OR(B123="-", B123="", B123="#N/A")), "wait for return customer", IF(OR(B123="Local Scrap", B123="SBF to be notified", B123="VRAM is pending RTV", B123="BU未結案"), B123, IF(OR(B123="scrap結案", B123="良品結案", LEFT(B123,2)="sc", LEFT(B123,2)="良品"), "CND結案", IF(ISNUMBER(B123), YEAR(B123) & "Q" & INT((MONTH(B123)+2)/3), IF(ISERROR(DATEVALUE(TEXT(B123,"yyyy/mm/dd"))), IF(ISNA(B123), "#N/A", B123), YEAR(DATEVALUE(TEXT(B123,"yyyy/mm/dd"))) & "Q" & INT((MONTH(DATEVALUE(TEXT(B123,"yyyy/mm/dd")))+2)/3)))))))))) -> Standard Shipment | D123: =IF(C123="Local Scrap","Closed",IFERROR(IF(A123="kgb","Closed",IF(MID(C123,5,1)="Q","Closed",LOOKUP(TODAY()-W123, {0,31,91,181,366}, {"0-30天","31-90天","91-180天","181-365天","365天以上"}))), LOOKUP(TODAY()-Z123, {0,31,91,181,366}, {"0-30天","31-90天","91-180天","181-365天","365天以上"}))) -> Closed | E123: {=IF(A123<>"kbb", "", IF(IFERROR(VALUE(V123), 0)=MAX(INDEX(($A$2:$A$4929="kbb")*($L$2:$L$4929=L123)*IFERROR(VALUE($V$2:$V$4929), 0), 0)), "最新", "歷史重複"))} | F123: TO248000011 | G123: R | H123: PNY | I123: PNY_Asia | J123: 2024/08/27 15:40:31 | K123: 2024/08/23 15:06:24 | L123: 246025599000118 | M123: 90CV07T40010 | N123: RTX4060/PG173-SKU371/GB/PNY | P123: 246025599000118 | Q123: CLOSED | R123: 吳崇源 | S123: 2024/08/29 16:01:15 | T123: 2024/09/04 17:51:42 | U123: 2024/09/05 15:57:17 | V123: 2024/09/05 15:57:17 | Z123: 2024/08/29 15:47:22 | AA123: KEYIN | AB123: KEYIN | AC123: R10 | AD123: RTX4060 | AE123: 2024/09/05 15:56:10 | AF123: 001 | AG123: 616790 | AH123: 1 | AI123: 1
A124: =IF(L124="","",IF(COUNTIF(Wip!K:K,L124)=0,IF(W124="","KGB","KBB"),IF(AND(_xlfn.IFNA(VLOOKUP(L124,Wip!K:M,3,0),"")="Y",Q124="MTCAPPLYCONF"),"On Hold",IF(W124="","KGB","KBB")))) -> KGB | B124: =IF(A124="on hold", "on hold", IF(A124="KGB", "Standard Shipment", IF(IFERROR(IFERROR(VLOOKUP(L124, List!D:J, 7, 0), VLOOKUP(L124&"", List!D:J, 7, 0)), 0)=0, IF(IFERROR(IFERROR(VLOOKUP(L124, 'CND List'!$A:$C, 3, 0), VLOOKUP(L124&"", 'CND List'!$A:$C, 3, 0)), 0)=0, IF(A124="KBB", "-", ""), IFERROR(VLOOKUP(L124, 'CND List'!$A:$C, 3, 0), VLOOKUP(L124&"", 'CND List'!$A:$C, 3, 0)) ), IFERROR(VLOOKUP(L124, List!D:J, 7, 0), VLOOKUP(L124&"", List!D:J, 7, 0)) ) ) ) -> Standard Shipment | C124: =IF(A124="on hold", "on hold", IF(B124="on hold", "wait for return customer", IF(B124="CND Sceond Pass", "Standard Shipment", IF(AND(A124="kgb", OR(B124="-", B124="", B124="#N/A")), "Standard Shipment", IF(AND(A124="kbb", OR(B124="-", B124="", B124="#N/A")), "wait for return customer", IF(OR(B124="Local Scrap", B124="SBF to be notified", B124="VRAM is pending RTV", B124="BU未結案"), B124, IF(OR(B124="scrap結案", B124="良品結案", LEFT(B124,2)="sc", LEFT(B124,2)="良品"), "CND結案", IF(ISNUMBER(B124), YEAR(B124) & "Q" & INT((MONTH(B124)+2)/3), IF(ISERROR(DATEVALUE(TEXT(B124,"yyyy/mm/dd"))), IF(ISNA(B124), "#N/A", B124), YEAR(DATEVALUE(TEXT(B124,"yyyy/mm/dd"))) & "Q" & INT((MONTH(DATEVALUE(TEXT(B124,"yyyy/mm/dd")))+2)/3)))))))))) -> Standard Shipment | D124: =IF(C124="Local Scrap","Closed",IFERROR(IF(A124="kgb","Closed",IF(MID(C124,5,1)="Q","Closed",LOOKUP(TODAY()-W124, {0,31,91,181,366}, {"0-30天","31-90天","91-180天","181-365天","365天以上"}))), LOOKUP(TODAY()-Z124, {0,31,91,181,366}, {"0-30天","31-90天","91-180天","181-365天","365天以上"}))) -> Closed | E124: {=IF(A124<>"kbb", "", IF(IFERROR(VALUE(V124), 0)=MAX(INDEX(($A$2:$A$4929="kbb")*($L$2:$L$4929=L124)*IFERROR(VALUE($V$2:$V$4929), 0), 0)), "最新", "歷史重複"))} | F124: TO248000011 | G124: R | H124: PNY | I124: PNY_Asia | J124: 2024/08/27 15:40:31 | K124: 2024/08/23 15:06:24 | L124: 247698399000044 | M124: 90CV07R60050 | N124: RTX4070/PG141SKU335/GB/PNY | P124: 247698399000044 | Q124: CLOSED | R124: 吳崇源 | S124: 2024/08/29 16:01:15 | T124: 2024/09/03 11:14:08 | U124: 2024/09/03 14:26:55 | V124: 2024/09/03 14:26:55 | Z124: 2024/08/29 15:58:08 | AA124: KEYIN | AB124: KEYIN | AC124: R10 | AD124: RTX4070 | AE124: 2024/09/03 14:26:43 | AF124: 001 | AG124: 616685 | AH124: 1 | AI124: 1
A125: =IF(L125="","",IF(COUNTIF(Wip!K:K,L125)=0,IF(W125="","KGB","KBB"),IF(AND(_xlfn.IFNA(VLOOKUP(L125,Wip!K:M,3,0),"")="Y",Q125="MTCAPPLYCONF"),"On Hold",IF(W125="","KGB","KBB")))) -> KGB | B125: =IF(A125="on hold", "on hold", IF(A125="KGB", "Standard Shipment", IF(IFERROR(IFERROR(VLOOKUP(L125, List!D:J, 7, 0), VLOOKUP(L125&"", List!D:J, 7, 0)), 0)=0, IF(IFERROR(IFERROR(VLOOKUP(L125, 'CND List'!$A:$C, 3, 0), VLOOKUP(L125&"", 'CND List'!$A:$C, 3, 0)), 0)=0, IF(A125="KBB", "-", ""), IFERROR(VLOOKUP(L125, 'CND List'!$A:$C, 3, 0), VLOOKUP(L125&"", 'CND List'!$A:$C, 3, 0)) ), IFERROR(VLOOKUP(L125, List!D:J, 7, 0), VLOOKUP(L125&"", List!D:J, 7, 0)) ) ) ) -> Standard Shipment | C125: =IF(A125="on hold", "on hold", IF(B125="on hold", "wait for return customer", IF(B125="CND Sceond Pass", "Standard Shipment", IF(AND(A125="kgb", OR(B125="-", B125="", B125="#N/A")), "Standard Shipment", IF(AND(A125="kbb", OR(B125="-", B125="", B125="#N/A")), "wait for return customer", IF(OR(B125="Local Scrap", B125="SBF to be notified", B125="VRAM is pending RTV", B125="BU未結案"), B125, IF(OR(B125="scrap結案", B125="良品結案", LEFT(B125,2)="sc", LEFT(B125,2)="良品"), "CND結案", IF(ISNUMBER(B125), YEAR(B125) & "Q" & INT((MONTH(B125)+2)/3), IF(ISERROR(DATEVALUE(TEXT(B125,"yyyy/mm/dd"))), IF(ISNA(B125), "#N/A", B125), YEAR(DATEVALUE(TEXT(B125,"yyyy/mm/dd"))) & "Q" & INT((MONTH(DATEVALUE(TEXT(B125,"yyyy/mm/dd")))+2)/3)))))))))) -> Standard Shipment | D125: =IF(C125="Local Scrap","Closed",IFERROR(IF(A125="kgb","Closed",IF(MID(C125,5,1)="Q","Closed",LOOKUP(TODAY()-W125, {0,31,91,181,366}, {"0-30天","31-90天","91-180天","181-365天","365天以上"}))), LOOKUP(TODAY()-Z125, {0,31,91,181,366}, {"0-30天","31-90天","91-180天","181-365天","365天以上"}))) -> Closed | E125: {=IF(A125<>"kbb", "", IF(IFERROR(VALUE(V125), 0)=MAX(INDEX(($A$2:$A$4929="kbb")*($L$2:$L$4929=L125)*IFERROR(VALUE($V$2:$V$4929), 0), 0)), "最新", "歷史重複"))} | F125: TO249000004 | G125: R | H125: PNY | I125: PNY_Asia | J125: 2024/09/11 17:20:13 | K125: 2024/09/09 15:59:18 | L125: 248972559000259 | M125: 90CV07R60050 | N125: RTX4070/PG141SKU335/GB/PNY | P125: 248972559000259 | Q125: CLOSED | R125: 吳崇源 | S125: 2024/09/12 11:15:32 | T125: 2024/09/13 16:12:09 | U125: 2024/09/18 16:51:35 | V125: 2024/09/18 16:51:35 | Z125: 2024/09/12 11:04:24 | AA125: KEYIN | AB125: KEYIN | AC125: R10 | AD125: RTX4070 | AE125: 2024/09/18 16:51:24 | AF125: 001 | AG125: 617029 | AH125: 5 | AI125: 5
A126: =IF(L126="","",IF(COUNTIF(Wip!K:K,L126)=0,IF(W126="","KGB","KBB"),IF(AND(_xlfn.IFNA(VLOOKUP(L126,Wip!K:M,3,0),"")="Y",Q126="MTCAPPLYCONF"),"On Hold",IF(W126="","KGB","KBB")))) -> KGB | B126: =IF(A126="on hold", "on hold", IF(A126="KGB", "Standard Shipment", IF(IFERROR(IFERROR(VLOOKUP(L126, List!D:J, 7, 0), VLOOKUP(L126&"", List!D:J, 7, 0)), 0)=0, IF(IFERROR(IFERROR(VLOOKUP(L126, 'CND List'!$A:$C, 3, 0), VLOOKUP(L126&"", 'CND List'!$A:$C, 3, 0)), 0)=0, IF(A126="KBB", "-", ""), IFERROR(VLOOKUP(L126, 'CND List'!$A:$C, 3, 0), VLOOKUP(L126&"", 'CND List'!$A:$C, 3, 0)) ), IFERROR(VLOOKUP(L126, List!D:J, 7, 0), VLOOKUP(L126&"", List!D:J, 7, 0)) ) ) ) -> Standard Shipment | C126: =IF(A126="on hold", "on hold", IF(B126="on hold", "wait for return customer", IF(B126="CND Sceond Pass", "Standard Shipment", IF(AND(A126="kgb", OR(B126="-", B126="", B126="#N/A")), "Standard Shipment", IF(AND(A126="kbb", OR(B126="-", B126="", B126="#N/A")), "wait for return customer", IF(OR(B126="Local Scrap", B126="SBF to be notified", B126="VRAM is pending RTV", B126="BU未結案"), B126, IF(OR(B126="scrap結案", B126="良品結案", LEFT(B126,2)="sc", LEFT(B126,2)="良品"), "CND結案", IF(ISNUMBER(B126), YEAR(B126) & "Q" & INT((MONTH(B126)+2)/3), IF(ISERROR(DATEVALUE(TEXT(B126,"yyyy/mm/dd"))), IF(ISNA(B126), "#N/A", B126), YEAR(DATEVALUE(TEXT(B126,"yyyy/mm/dd"))) & "Q" & INT((MONTH(DATEVALUE(TEXT(B126,"yyyy/mm/dd")))+2)/3)))))))))) -> Standard Shipment | D126: =IF(C126="Local Scrap","Closed",IFERROR(IF(A126="kgb","Closed",IF(MID(C126,5,1)="Q","Closed",LOOKUP(TODAY()-W126, {0,31,91,181,366}, {"0-30天","31-90天","91-180天","181-365天","365天以上"}))), LOOKUP(TODAY()-Z126, {0,31,91,181,366}, {"0-30天","31-90天","91-180天","181-365天","365天以上"}))) -> Closed | E126: {=IF(A126<>"kbb", "", IF(IFERROR(VALUE(V126), 0)=MAX(INDEX(($A$2:$A$4929="kbb")*($L$2:$L$4929=L126)*IFERROR(VALUE($V$2:$V$4929), 0), 0)), "最新", "歷史重複"))} | F126: TO249000004 | G126: R | H126: PNY | I126: PNY_Asia | J126: 2024/09/11 17:20:13 | K126: 2024/09/09 15:59:18 | L126: 247904499000854 | M126: 90CV07T100E0 | N126: RTX4060/PG173-SKU371/GB/PNY | P126: 247904499000854 | Q126: CLOSED | R126: 吳崇源 | S126: 2024/09/12 11:15:32 | T126: 2024/09/13 16:13:51 | U126: 2024/09/18 16:51:35 | V126: 2024/09/18 16:51:35 | Z126: 2024/09/12 11:07:29 | AA126: KEYIN | AB126: KEYIN | AC126: R10 | AD126: RTX4060 | AE126: 2024/09/18 16:51:24 | AF126: 001 | AG126: 617029 | AH126: 5 | AI126: 5
A127: =IF(L127="","",IF(COUNTIF(Wip!K:K,L127)=0,IF(W127="","KGB","KBB"),IF(AND(_xlfn.IFNA(VLOOKUP(L127,Wip!K:M,3,0),"")="Y",Q127="MTCAPPLYCONF"),"On Hold",IF(W127="","KGB","KBB")))) -> KGB | B127: =IF(A127="on hold", "on hold", IF(A127="KGB", "Standard Shipment", IF(IFERROR(IFERROR(VLOOKUP(L127, List!D:J, 7, 0), VLOOKUP(L127&"", List!D:J, 7, 0)), 0)=0, IF(IFERROR(IFERROR(VLOOKUP(L127, 'CND List'!$A:$C, 3, 0), VLOOKUP(L127&"", 'CND List'!$A:$C, 3, 0)), 0)=0, IF(A127="KBB", "-", ""), IFERROR(VLOOKUP(L127, 'CND List'!$A:$C, 3, 0), VLOOKUP(L127&"", 'CND List'!$A:$C, 3, 0)) ), IFERROR(VLOOKUP(L127, List!D:J, 7, 0), VLOOKUP(L127&"", List!D:J, 7, 0)) ) ) ) -> Standard Shipment | C127: =IF(A127="on hold", "on hold", IF(B127="on hold", "wait for return customer", IF(B127="CND Sceond Pass", "Standard Shipment", IF(AND(A127="kgb", OR(B127="-", B127="", B127="#N/A")), "Standard Shipment", IF(AND(A127="kbb", OR(B127="-", B127="", B127="#N/A")), "wait for return customer", IF(OR(B127="Local Scrap", B127="SBF to be notified", B127="VRAM is pending RTV", B127="BU未結案"), B127, IF(OR(B127="scrap結案", B127="良品結案", LEFT(B127,2)="sc", LEFT(B127,2)="良品"), "CND結案", IF(ISNUMBER(B127), YEAR(B127) & "Q" & INT((MONTH(B127)+2)/3), IF(ISERROR(DATEVALUE(TEXT(B127,"yyyy/mm/dd"))), IF(ISNA(B127), "#N/A", B127), YEAR(DATEVALUE(TEXT(B127,"yyyy/mm/dd"))) & "Q" & INT((MONTH(DATEVALUE(TEXT(B127,"yyyy/mm/dd")))+2)/3)))))))))) -> Standard Shipment | D127: =IF(C127="Local Scrap","Closed",IFERROR(IF(A127="kgb","Closed",IF(MID(C127,5,1)="Q","Closed",LOOKUP(TODAY()-W127, {0,31,91,181,366}, {"0-30天","31-90天","91-180天","181-365天","365天以上"}))), LOOKUP(TODAY()-Z127, {0,31,91,181,366}, {"0-30天","31-90天","91-180天","181-365天","365天以上"}))) -> Closed | E127: {=IF(A127<>"kbb", "", IF(IFERROR(VALUE(V127), 0)=MAX(INDEX(($A$2:$A$4929="kbb")*($L$2:$L$4929=L127)*IFERROR(VALUE($V$2:$V$4929), 0), 0)), "最新", "歷史重複"))} | F127: TO249000004 | G127: R | H127: PNY | I127: PNY_Asia | J127: 2024/09/11 17:20:13 | K127: 2024/09/09 15:59:18 | L127: 237756020001889 | M127: 90CV07T10010 | N127: RTX4060/PG173-SKU371/GB/PNY | P127: 237756020001889 | Q127: CLOSED | R127: 吳崇源 | S127: 2024/09/12 11:15:32 | T127: 2024/09/13 16:14:09 | U127: 2024/09/18 16:51:35 | V127: 2024/09/18 16:51:35 | Z127: 2024/09/12 10:52:55 | AA127: KEYIN | AB127: KEYIN | AC127: R10 | AD127: RTX4060 | AE127: 2024/09/18 16:51:23 | AF127: 001 | AG127: 617029 | AH127: 5 | AI127: 5
A128: =IF(L128="","",IF(COUNTIF(Wip!K:K,L128)=0,IF(W128="","KGB","KBB"),IF(AND(_xlfn.IFNA(VLOOKUP(L128,Wip!K:M,3,0),"")="Y",Q128="MTCAPPLYCONF"),"On Hold",IF(W128="","KGB","KBB")))) -> KGB | B128: =IF(A128="on hold", "on hold", IF(A128="KGB", "Standard Shipment", IF(IFERROR(IFERROR(VLOOKUP(L128, List!D:J, 7, 0), VLOOKUP(L128&"", List!D:J, 7, 0)), 0)=0, IF(IFERROR(IFERROR(VLOOKUP(L128, 'CND List'!$A:$C, 3, 0), VLOOKUP(L128&"", 'CND List'!$A:$C, 3, 0)), 0)=0, IF(A128="KBB", "-", ""), IFERROR(VLOOKUP(L128, 'CND List'!$A:$C, 3, 0), VLOOKUP(L128&"", 'CND List'!$A:$C, 3, 0)) ), IFERROR(VLOOKUP(L128, List!D:J, 7, 0), VLOOKUP(L128&"", List!D:J, 7, 0)) ) ) ) -> Standard Shipment | C128: =IF(A128="on hold", "on hold", IF(B128="on hold", "wait for return customer", IF(B128="CND Sceond Pass", "Standard Shipment", IF(AND(A128="kgb", OR(B128="-", B128="", B128="#N/A")), "Standard Shipment", IF(AND(A128="kbb", OR(B128="-", B128="", B128="#N/A")), "wait for return customer", IF(OR(B128="Local Scrap", B128="SBF to be notified", B128="VRAM is pending RTV", B128="BU未結案"), B128, IF(OR(B128="scrap結案", B128="良品結案", LEFT(B128,2)="sc", LEFT(B128,2)="良品"), "CND結案", IF(ISNUMBER(B128), YEAR(B128) & "Q" & INT((MONTH(B128)+2)/3), IF(ISERROR(DATEVALUE(TEXT(B128,"yyyy/mm/dd"))), IF(ISNA(B128), "#N/A", B128), YEAR(DATEVALUE(TEXT(B128,"yyyy/mm/dd"))) & "Q" & INT((MONTH(DATEVALUE(TEXT(B128,"yyyy/mm/dd")))+2)/3)))))))))) -> Standard Shipment | D128: =IF(C128="Local Scrap","Closed",IFERROR(IF(A128="kgb","Closed",IF(MID(C128,5,1)="Q","Closed",LOOKUP(TODAY()-W128, {0,31,91,181,366}, {"0-30天","31-90天","91-180天","181-365天","365天以上"}))), LOOKUP(TODAY()-Z128, {0,31,91,181,366}, {"0-30天","31-90天","91-180天","181-365天","365天以上"}))) -> Closed | E128: {=IF(A128<>"kbb", "", IF(IFERROR(VALUE(V128), 0)=MAX(INDEX(($A$2:$A$4929="kbb")*($L$2:$L$4929=L128)*IFERROR(VALUE($V$2:$V$4929), 0), 0)), "最新", "歷史重複"))} | F128: TO249000004 | G128: R | H128: PNY | I128: PNY_Asia | J128: 2024/09/11 17:20:13 | K128: 2024/09/09 15:59:18 | L128: 245870439000438 | M128: 90CV07T100H0 | N128: RTX4060/PG173-SKU371/GB/PNY | P128: 245870439000438 | Q128: CLOSED | R128: 吳崇源 | S128: 2024/09/12 11:15:32 | T128: 2024/09/13 16:14:25 | U128: 2024/09/18 16:51:35 | V128: 2024/09/18 16:51:35 | Z128: 2024/09/12 10:57:00 | AA128: KEYIN | AB128: KEYIN | AC128: R10 | AD128: RTX4060 | AE128: 2024/09/18 16:51:23 | AF128: 001 | AG128: 617029 | AH128: 5 | AI128: 5
A129: =IF(L129="","",IF(COUNTIF(Wip!K:K,L129)=0,IF(W129="","KGB","KBB"),IF(AND(_xlfn.IFNA(VLOOKUP(L129,Wip!K:M,3,0),"")="Y",Q129="MTCAPPLYCONF"),"On Hold",IF(W129="","KGB","KBB")))) -> KGB | B129: =IF(A129="on hold", "on hold", IF(A129="KGB", "Standard Shipment", IF(IFERROR(IFERROR(VLOOKUP(L129, List!D:J, 7, 0), VLOOKUP(L129&"", List!D:J, 7, 0)), 0)=0, IF(IFERROR(IFERROR(VLOOKUP(L129, 'CND List'!$A:$C, 3, 0), VLOOKUP(L129&"", 'CND List'!$A:$C, 3, 0)), 0)=0, IF(A129="KBB", "-", ""), IFERROR(VLOOKUP(L129, 'CND List'!$A:$C, 3, 0), VLOOKUP(L129&"", 'CND List'!$A:$C, 3, 0)) ), IFERROR(VLOOKUP(L129, List!D:J, 7, 0), VLOOKUP(L129&"", List!D:J, 7, 0)) ) ) ) -> Standard Shipment | C129: =IF(A129="on hold", "on hold", IF(B129="on hold", "wait for return customer", IF(B129="CND Sceond Pass", "Standard Shipment", IF(AND(A129="kgb", OR(B129="-", B129="", B129="#N/A")), "Standard Shipment", IF(AND(A129="kbb", OR(B129="-", B129="", B129="#N/A")), "wait for return customer", IF(OR(B129="Local Scrap", B129="SBF to be notified", B129="VRAM is pending RTV", B129="BU未結案"), B129, IF(OR(B129="scrap結案", B129="良品結案", LEFT(B129,2)="sc", LEFT(B129,2)="良品"), "CND結案", IF(ISNUMBER(B129), YEAR(B129) & "Q" & INT((MONTH(B129)+2)/3), IF(ISERROR(DATEVALUE(TEXT(B129,"yyyy/mm/dd"))), IF(ISNA(B129), "#N/A", B129), YEAR(DATEVALUE(TEXT(B129,"yyyy/mm/dd"))) & "Q" & INT((MONTH(DATEVALUE(TEXT(B129,"yyyy/mm/dd")))+2)/3)))))))))) -> Standard Shipment | D129: =IF(C129="Local Scrap","Closed",IFERROR(IF(A129="kgb","Closed",IF(MID(C129,5,1)="Q","Closed",LOOKUP(TODAY()-W129, {0,31,91,181,366}, {"0-30天","31-90天","91-180天","181-365天","365天以上"}))), LOOKUP(TODAY()-Z129, {0,31,91,181,366}, {"0-30天","31-90天","91-180天","181-365天","365天以上"}))) -> Closed | E129: {=IF(A129<>"kbb", "", IF(IFERROR(VALUE(V129), 0)=MAX(INDEX(($A$2:$A$4929="kbb")*($L$2:$L$4929=L129)*IFERROR(VALUE($V$2:$V$4929), 0), 0)), "最新", "歷史重複"))} | F129: TO249000004 | G129: R | H129: PNY | I129: PNY_Asia | J129: 2024/09/11 17:20:13 | K129: 2024/09/09 15:59:18 | L129: 248972559000220 | M129: 90CV07R60050 | N129: RTX4070/PG141SKU335/GB/PNY | P129: 248972559000220 | Q129: CLOSED | R129: 吳崇源 | S129: 2024/09/12 11:15:32 | T129: 2024/09/27 13:08:30 | U129: 2024/10/07 17:03:30 | V129: 2024/10/07 17:03:30 | Z129: 2024/09/12 11:10:16 | AA129: KEYIN | AB129: KEYIN | AC129: R10 | AD129: RTX4070 | AE129: 2024/10/07 17:03:10 | AF129: 001 | AG129: 617416 | AH129: 1 | AI129: 1
A130: =IF(L130="","",IF(COUNTIF(Wip!K:K,L130)=0,IF(W130="","KGB","KBB"),IF(AND(_xlfn.IFNA(VLOOKUP(L130,Wip!K:M,3,0),"")="Y",Q130="MTCAPPLYCONF"),"On Hold",IF(W130="","KGB","KBB")))) -> KGB | B130: =IF(A130="on hold", "on hold", IF(A130="KGB", "Standard Shipment", IF(IFERROR(IFERROR(VLOOKUP(L130, List!D:J, 7, 0), VLOOKUP(L130&"", List!D:J, 7, 0)), 0)=0, IF(IFERROR(IFERROR(VLOOKUP(L130, 'CND List'!$A:$C, 3, 0), VLOOKUP(L130&"", 'CND List'!$A:$C, 3, 0)), 0)=0, IF(A130="KBB", "-", ""), IFERROR(VLOOKUP(L130, 'CND List'!$A:$C, 3, 0), VLOOKUP(L130&"", 'CND List'!$A:$C, 3, 0)) ), IFERROR(VLOOKUP(L130, List!D:J, 7, 0), VLOOKUP(L130&"", List!D:J, 7, 0)) ) ) ) -> Standard Shipment | C130: =IF(A130="on hold", "on hold", IF(B130="on hold", "wait for return customer", IF(B130="CND Sceond Pass", "Standard Shipment", IF(AND(A130="kgb", OR(B130="-", B130="", B130="#N/A")), "Standard Shipment", IF(AND(A130="kbb", OR(B130="-", B130="", B130="#N/A")), "wait for return customer", IF(OR(B130="Local Scrap", B130="SBF to be notified", B130="VRAM is pending RTV", B130="BU未結案"), B130, IF(OR(B130="scrap結案", B130="良品結案", LEFT(B130,2)="sc", LEFT(B130,2)="良品"), "CND結案", IF(ISNUMBER(B130), YEAR(B130) & "Q" & INT((MONTH(B130)+2)/3), IF(ISERROR(DATEVALUE(TEXT(B130,"yyyy/mm/dd"))), IF(ISNA(B130), "#N/A", B130), YEAR(DATEVALUE(TEXT(B130,"yyyy/mm/dd"))) & "Q" & INT((MONTH(DATEVALUE(TEXT(B130,"yyyy/mm/dd")))+2)/3)))))))))) -> Standard Shipment | D130: =IF(C130="Local Scrap","Closed",IFERROR(IF(A130="kgb","Closed",IF(MID(C130,5,1)="Q","Closed",LOOKUP(TODAY()-W130, {0,31,91,181,366}, {"0-30天","31-90天","91-180天","181-365天","365天以上"}))), LOOKUP(TODAY()-Z130, {0,31,91,181,366}, {"0-30天","31-90天","91-180天","181-365天","365天以上"}))) -> Closed | E130: {=IF(A130<>"kbb", "", IF(IFERROR(VALUE(V130), 0)=MAX(INDEX(($A$2:$A$4929="kbb")*($L$2:$L$4929=L130)*IFERROR(VALUE($V$2:$V$4929), 0), 0)), "最新", "歷史重複"))} | F130: TO249000004 | G130: R | H130: PNY | I130: PNY_Asia | J130: 2024/09/11 17:20:13 | K130: 2024/09/09 15:59:18 | L130: 243483819000098 | M130: 90CV07T10060 | N130: RTX4060/PG173-SKU371/GB/PNY | P130: 243483819000098 | Q130: CLOSED | R130: 吳崇源 | S130: 2024/09/12 11:15:32 | T130: 2024/09/13 16:13:17 | U130: 2024/09/18 16:51:35 | V130: 2024/09/18 16:51:35 | Z130: 2024/09/12 11:01:19 | AA130: KEYIN | AB130: KEYIN | AC130: R10 | AD130: RTX4060 | AE130: 2024/09/18 16:51:24 | AF130: 001 | AG130: 617029 | AH130: 5 | AI130: 5
A131: =IF(L131="","",IF(COUNTIF(Wip!K:K,L131)=0,IF(W131="","KGB","KBB"),IF(AND(_xlfn.IFNA(VLOOKUP(L131,Wip!K:M,3,0),"")="Y",Q131="MTCAPPLYCONF"),"On Hold",IF(W131="","KGB","KBB")))) -> KGB | B131: =IF(A131="on hold", "on hold", IF(A131="KGB", "Standard Shipment", IF(IFERROR(IFERROR(VLOOKUP(L131, List!D:J, 7, 0), VLOOKUP(L131&"", List!D:J, 7, 0)), 0)=0, IF(IFERROR(IFERROR(VLOOKUP(L131, 'CND List'!$A:$C, 3, 0), VLOOKUP(L131&"", 'CND List'!$A:$C, 3, 0)), 0)=0, IF(A131="KBB", "-", ""), IFERROR(VLOOKUP(L131, 'CND List'!$A:$C, 3, 0), VLOOKUP(L131&"", 'CND List'!$A:$C, 3, 0)) ), IFERROR(VLOOKUP(L131, List!D:J, 7, 0), VLOOKUP(L131&"", List!D:J, 7, 0)) ) ) ) -> Standard Shipment | C131: =IF(A131="on hold", "on hold", IF(B131="on hold", "wait for return customer", IF(B131="CND Sceond Pass", "Standard Shipment", IF(AND(A131="kgb", OR(B131="-", B131="", B131="#N/A")), "Standard Shipment", IF(AND(A131="kbb", OR(B131="-", B131="", B131="#N/A")), "wait for return customer", IF(OR(B131="Local Scrap", B131="SBF to be notified", B131="VRAM is pending RTV", B131="BU未結案"), B131, IF(OR(B131="scrap結案", B131="良品結案", LEFT(B131,2)="sc", LEFT(B131,2)="良品"), "CND結案", IF(ISNUMBER(B131), YEAR(B131) & "Q" & INT((MONTH(B131)+2)/3), IF(ISERROR(DATEVALUE(TEXT(B131,"yyyy/mm/dd"))), IF(ISNA(B131), "#N/A", B131), YEAR(DATEVALUE(TEXT(B131,"yyyy/mm/dd"))) & "Q" & INT((MONTH(DATEVALUE(TEXT(B131,"yyyy/mm/dd")))+2)/3)))))))))) -> Standard Shipment | D131: =IF(C131="Local Scrap","Closed",IFERROR(IF(A131="kgb","Closed",IF(MID(C131,5,1)="Q","Closed",LOOKUP(TODAY()-W131, {0,31,91,181,366}, {"0-30天","31-90天","91-180天","181-365天","365天以上"}))), LOOKUP(TODAY()-Z131, {0,31,91,181,366}, {"0-30天","31-90天","91-180天","181-365天","365天以上"}))) -> Closed | E131: {=IF(A131<>"kbb", "", IF(IFERROR(VALUE(V131), 0)=MAX(INDEX(($A$2:$A$4929="kbb")*($L$2:$L$4929=L131)*IFERROR(VALUE($V$2:$V$4929), 0), 0)), "最新", "歷史重複"))} | F131: TO249000011 | G131: R | H131: PNY | I131: PNY_Asia | J131: 2024/09/27 15:51:41 | K131: 2024/09/26 13:10:20 | L131: 246025599000350 | M131: 90CV07T40010 | N131: RTX4060/PG173-SKU371/GB/PNY | P131: 246025599000350 | Q131: CLOSED | R131: 吳崇源 | S131: 2024/10/04 14:22:34 | T131: 2024/12/12 11:12:40 | U131: 2024/12/16 08:25:42 | V131: 2024/12/16 08:25:42 | Z131: 2024/10/04 13:48:43 | AA131: KEYIN | AB131: KEYIN | AC131: R10 | AD131: RTX4060 | AE131: 2024/12/16 08:25:15 | AF131: 001 | AG131: 619094 | AH131: 1 | AI131: 1
A132: =IF(L132="","",IF(COUNTIF(Wip!K:K,L132)=0,IF(W132="","KGB","KBB"),IF(AND(_xlfn.IFNA(VLOOKUP(L132,Wip!K:M,3,0),"")="Y",Q132="MTCAPPLYCONF"),"On Hold",IF(W132="","KGB","KBB")))) -> KGB | B132: =IF(A132="on hold", "on hold", IF(A132="KGB", "Standard Shipment", IF(IFERROR(IFERROR(VLOOKUP(L132, List!D:J, 7, 0), VLOOKUP(L132&"", List!D:J, 7, 0)), 0)=0, IF(IFERROR(IFERROR(VLOOKUP(L132, 'CND List'!$A:$C, 3, 0), VLOOKUP(L132&"", 'CND List'!$A:$C, 3, 0)), 0)=0, IF(A132="KBB", "-", ""), IFERROR(VLOOKUP(L132, 'CND List'!$A:$C, 3, 0), VLOOKUP(L132&"", 'CND List'!$A:$C, 3, 0)) ), IFERROR(VLOOKUP(L132, List!D:J, 7, 0), VLOOKUP(L132&"", List!D:J, 7, 0)) ) ) ) -> Standard Shipment | C132: =IF(A132="on hold", "on hold", IF(B132="on hold", "wait for return customer", IF(B132="CND Sceond Pass", "Standard Shipment", IF(AND(A132="kgb", OR(B132="-", B132="", B132="#N/A")), "Standard Shipment", IF(AND(A132="kbb", OR(B132="-", B132="", B132="#N/A")), "wait for return customer", IF(OR(B132="Local Scrap", B132="SBF to be notified", B132="VRAM is pending RTV", B132="BU未結案"), B132, IF(OR(B132="scrap結案", B132="良品結案", LEFT(B132,2)="sc", LEFT(B132,2)="良品"), "CND結案", IF(ISNUMBER(B132), YEAR(B132) & "Q" & INT((MONTH(B132)+2)/3), IF(ISERROR(DATEVALUE(TEXT(B132,"yyyy/mm/dd"))), IF(ISNA(B132), "#N/A", B132), YEAR(DATEVALUE(TEXT(B132,"yyyy/mm/dd"))) & "Q" & INT((MONTH(DATEVALUE(TEXT(B132,"yyyy/mm/dd")))+2)/3)))))))))) -> Standard Shipment | D132: =IF(C132="Local Scrap","Closed",IFERROR(IF(A132="kgb","Closed",IF(MID(C132,5,1)="Q","Closed",LOOKUP(TODAY()-W132, {0,31,91,181,366}, {"0-30天","31-90天","91-180天","181-365天","365天以上"}))), LOOKUP(TODAY()-Z132, {0,31,91,181,366}, {"0-30天","31-90天","91-180天","181-365天","365天以上"}))) -> Closed | E132: {=IF(A132<>"kbb", "", IF(IFERROR(VALUE(V132), 0)=MAX(INDEX(($A$2:$A$4929="kbb")*($L$2:$L$4929=L132)*IFERROR(VALUE($V$2:$V$4929), 0), 0)), "最新", "歷史重複"))} | F132: TO249000011 | G132: R | H132: PNY | I132: PNY_Asia | J132: 2024/09/27 15:51:41 | K132: 2024/09/26 13:10:20 | L132: 248777579000189 | M132: 90CV07X20010 | N132: RTX4080/PG139SKU355/GB/PNY | P132: 248777579000189 | Q132: CLOSED | R132: 吳崇源 | S132: 2024/10/04 14:22:33 | T132: 2024/10/17 13:04:47 | U132: 2024/10/18 15:17:16 | V132: 2024/10/18 15:17:16 | Z132: 2024/10/04 14:04:47 | AA132: KEYIN | AB132: KEYIN | AC132: R10 | AD132: RTX4080 | AE132: 2024/10/18 15:16:57 | AF132: 001 | AG132: 617708 | AH132: 1 | AI132: 1
A133: =IF(L133="","",IF(COUNTIF(Wip!K:K,L133)=0,IF(W133="","KGB","KBB"),IF(AND(_xlfn.IFNA(VLOOKUP(L133,Wip!K:M,3,0),"")="Y",Q133="MTCAPPLYCONF"),"On Hold",IF(W133="","KGB","KBB")))) -> KGB | B133: =IF(A133="on hold", "on hold", IF(A133="KGB", "Standard Shipment", IF(IFERROR(IFERROR(VLOOKUP(L133, List!D:J, 7, 0), VLOOKUP(L133&"", List!D:J, 7, 0)), 0)=0, IF(IFERROR(IFERROR(VLOOKUP(L133, 'CND List'!$A:$C, 3, 0), VLOOKUP(L133&"", 'CND List'!$A:$C, 3, 0)), 0)=0, IF(A133="KBB", "-", ""), IFERROR(VLOOKUP(L133, 'CND List'!$A:$C, 3, 0), VLOOKUP(L133&"", 'CND List'!$A:$C, 3, 0)) ), IFERROR(VLOOKUP(L133, List!D:J, 7, 0), VLOOKUP(L133&"", List!D:J, 7, 0)) ) ) ) -> Standard Shipment | C133: =IF(A133="on hold", "on hold", IF(B133="on hold", "wait for return customer", IF(B133="CND Sceond Pass", "Standard Shipment", IF(AND(A133="kgb", OR(B133="-", B133="", B133="#N/A")), "Standard Shipment", IF(AND(A133="kbb", OR(B133="-", B133="", B133="#N/A")), "wait for return customer", IF(OR(B133="Local Scrap", B133="SBF to be notified", B133="VRAM is pending RTV", B133="BU未結案"), B133, IF(OR(B133="scrap結案", B133="良品結案", LEFT(B133,2)="sc", LEFT(B133,2)="良品"), "CND結案", IF(ISNUMBER(B133), YEAR(B133) & "Q" & INT((MONTH(B133)+2)/3), IF(ISERROR(DATEVALUE(TEXT(B133,"yyyy/mm/dd"))), IF(ISNA(B133), "#N/A", B133), YEAR(DATEVALUE(TEXT(B133,"yyyy/mm/dd"))) & "Q" & INT((MONTH(DATEVALUE(TEXT(B133,"yyyy/mm/dd")))+2)/3)))))))))) -> Standard Shipment | D133: =IF(C133="Local Scrap","Closed",IFERROR(IF(A133="kgb","Closed",IF(MID(C133,5,1)="Q","Closed",LOOKUP(TODAY()-W133, {0,31,91,181,366}, {"0-30天","31-90天","91-180天","181-365天","365天以上"}))), LOOKUP(TODAY()-Z133, {0,31,91,181,366}, {"0-30天","31-90天","91-180天","181-365天","365天以上"}))) -> Closed | E133: {=IF(A133<>"kbb", "", IF(IFERROR(VALUE(V133), 0)=MAX(INDEX(($A$2:$A$4929="kbb")*($L$2:$L$4929=L133)*IFERROR(VALUE($V$2:$V$4929), 0), 0)), "最新", "歷史重複"))} | F133: TO249000011 | G133: R | H133: PNY | I133: PNY_Asia | J133: 2024/09/27 15:51:41 | K133: 2024/09/26 13:10:20 | L133: 247904499002045 | M133: 90CV07T100E0 | N133: RTX4060/PG173-SKU371/GB/PNY | P133: 247904499002045 | Q133: CLOSED | R133: 吳崇源 | S133: 2024/10/04 14:22:34 | T133: 2024/10/17 12:24:27 | U133: 2024/10/18 15:17:16 | V133: 2024/10/18 15:17:16 | Z133: 2024/10/04 13:43:10 | AA133: KEYIN | AB133: KEYIN | AC133: R10 | AD133: RTX4060 | AE133: 2024/10/18 15:16:57 | AF133: 001 | AG133: 617708 | AH133: 1 | AI133: 1
... A137: =IF(L137="","",IF(COUNTIF(Wip!K:K,L137)=0,IF(W137="","KGB","KBB"),IF(AND(_xlfn.IFNA(VLOOKUP(L137,Wip!K:M,3,0),"")="Y",Q137="MTCAPPLYCONF"),"On Hold",IF(W137="","KGB","KBB")))) -> KGB | B137: =IF(A137="on hold", "on hold", IF(A137="KGB", "Standard Shipment", IF(IFERROR(IFERROR(VLOOKUP(L137, List!D:J, 7, 0), VLOOKUP(L137&"", List!D:J, 7, 0)), 0)=0, IF(IFERROR(IFERROR(VLOOKUP(L137, 'CND List'!$A:$C, 3, 0), VLOOKUP(L137&"", 'CND List'!$A:$C, 3, 0)), 0)=0, IF(A137="KBB", "-", ""), IFERROR(VLOOKUP(L137, 'CND List'!$A:$C, 3, 0), VLOOKUP(L137&"", 'CND List'!$A:$C, 3, 0)) ), IFERROR(VLOOKUP(L137, List!D:J, 7, 0), VLOOKUP(L137&"", List!D:J, 7, 0)) ) ) ) -> Standard Shipment | C137: =IF(A137="on hold", "on hold", IF(B137="on hold", "wait for return customer", IF(B137="CND Sceond Pass", "Standard Shipment", IF(AND(A137="kgb", OR(B137="-", B137="", B137="#N/A")), "Standard Shipment", IF(AND(A137="kbb", OR(B137="-", B137="", B137="#N/A")), "wait for return customer", IF(OR(B137="Local Scrap", B137="SBF to be notified", B137="VRAM is pending RTV", B137="BU未結案"), B137, IF(OR(B137="scrap結案", B137="良品結案", LEFT(B137,2)="sc", LEFT(B137,2)="良品"), "CND結案", IF(ISNUMBER(B137), YEAR(B137) & "Q" & INT((MONTH(B137)+2)/3), IF(ISERROR(DATEVALUE(TEXT(B137,"yyyy/mm/dd"))), IF(ISNA(B137), "#N/A", B137), YEAR(DATEVALUE(TEXT(B137,"yyyy/mm/dd"))) & "Q" & INT((MONTH(DATEVALUE(TEXT(B137,"yyyy/mm/dd")))+2)/3)))))))))) -> Standard Shipment | D137: =IF(C137="Local Scrap","Closed",IFERROR(IF(A137="kgb","Closed",IF(MID(C137,5,1)="Q","Closed",LOOKUP(TODAY()-W137, {0,31,91,181,366}, {"0-30天","31-90天","91-180天","181-365天","365天以上"}))), LOOKUP(TODAY()-Z137, {0,31,91,181,366}, {"0-30天","31-90天","91-180天","181-365天","365天以上"}))) -> Closed | E137: {=IF(A137<>"kbb", "", IF(IFERROR(VALUE(V137), 0)=MAX(INDEX(($A$2:$A$4929="kbb")*($L$2:$L$4929=L137)*IFERROR(VALUE($V$2:$V$4929), 0), 0)), "最新", "歷史重複"))} | F137: TO249000011 | G137: R | H137: PNY | I137: PNY_Asia | J137: 2024/09/27 15:51:41 | K137: 2024/09/26 13:10:20 | L137: 248970669000828 | M137: 90CV07X20010 | N137: RTX4080/PG139SKU355/GB/PNY | P137: 248970669000828 | Q137: CLOSED | R137: 吳崇源 | S137: 2024/10/04 14:22:33 | T137: 2024/10/17 13:17:14 | U137: 2024/10/18 15:17:16 | V137: 2024/10/18 15:17:16 | Z137: 2024/10/04 14:08:58 | AA137: KEYIN | AB137: KEYIN | AC137: R10 | AD137: RTX4080 | AE137: 2024/10/18 15:16:57 | AF137: 001 | AG137: 617708 | AH137: 1 | AI137: 1
A138: =IF(L138="","",IF(COUNTIF(Wip!K:K,L138)=0,IF(W138="","KGB","KBB"),IF(AND(_xlfn.IFNA(VLOOKUP(L138,Wip!K:M,3,0),"")="Y",Q138="MTCAPPLYCONF"),"On Hold",IF(W138="","KGB","KBB")))) -> KBB | B138: =IF(A138="on hold", "on hold", IF(A138="KGB", "Standard Shipment", IF(IFERROR(IFERROR(VLOOKUP(L138, List!D:J, 7, 0), VLOOKUP(L138&"", List!D:J, 7, 0)), 0)=0, IF(IFERROR(IFERROR(VLOOKUP(L138, 'CND List'!$A:$C, 3, 0), VLOOKUP(L138&"", 'CND List'!$A:$C, 3, 0)), 0)=0, IF(A138="KBB", "-", ""), IFERROR(VLOOKUP(L138, 'CND List'!$A:$C, 3, 0), VLOOKUP(L138&"", 'CND List'!$A:$C, 3, 0)) ), IFERROR(VLOOKUP(L138, List!D:J, 7, 0), VLOOKUP(L138&"", List!D:J, 7, 0)) ) ) ) -> 45583 | C138: =IF(A138="on hold", "on hold", IF(B138="on hold", "wait for return customer", IF(B138="CND Sceond Pass", "Standard Shipment", IF(AND(A138="kgb", OR(B138="-", B138="", B138="#N/A")), "Standard Shipment", IF(AND(A138="kbb", OR(B138="-", B138="", B138="#N/A")), "wait for return customer", IF(OR(B138="Local Scrap", B138="SBF to be notified", B138="VRAM is pending RTV", B138="BU未結案"), B138, IF(OR(B138="scrap結案", B138="良品結案", LEFT(B138,2)="sc", LEFT(B138,2)="良品"), "CND結案", IF(ISNUMBER(B138), YEAR(B138) & "Q" & INT((MONTH(B138)+2)/3), IF(ISERROR(DATEVALUE(TEXT(B138,"yyyy/mm/dd"))), IF(ISNA(B138), "#N/A", B138), YEAR(DATEVALUE(TEXT(B138,"yyyy/mm/dd"))) & "Q" & INT((MONTH(DATEVALUE(TEXT(B138,"yyyy/mm/dd")))+2)/3)))))))))) -> 2024Q4 | D138: =IF(C138="Local Scrap","Closed",IFERROR(IF(A138="kgb","Closed",IF(MID(C138,5,1)="Q","Closed",LOOKUP(TODAY()-W138, {0,31,91,181,366}, {"0-30天","31-90天","91-180天","181-365天","365天以上"}))), LOOKUP(TODAY()-Z138, {0,31,91,181,366}, {"0-30天","31-90天","91-180天","181-365天","365天以上"}))) -> Closed | E138: {=IF(A138<>"kbb", "", IF(IFERROR(VALUE(V138), 0)=MAX(INDEX(($A$2:$A$4929="kbb")*($L$2:$L$4929=L138)*IFERROR(VALUE($V$2:$V$4929), 0), 0)), "最新", "歷史重複"))} -> 最新 | F138: TO249000011 | G138: R | H138: PNY | I138: PNY_Asia | J138: 2024/09/27 15:51:41 | K138: 2024/09/26 13:10:20 | L138: 243025219000106 | M138: 90CV07S10050 | N138: RTX4090/PG139-SKU332/GB/PNY | P138: 243025219000106 | Q138: CLOSED | R138: 吳崇源 | S138: 2024/10/04 14:22:33 | V138: 2024/10/09 17:12:46 | W138: [A3SC0030]Burnt Component | X138: Customer | Y138: PCB Burned/U5 | Z138: 2024/10/04 14:15:17 | AA138: KEYIN | AB138: KEYIN | AC138: C01 | AD138: RTX4090
A139: =IF(L139="","",IF(COUNTIF(Wip!K:K,L139)=0,IF(W139="","KGB","KBB"),IF(AND(_xlfn.IFNA(VLOOKUP(L139,Wip!K:M,3,0),"")="Y",Q139="MTCAPPLYCONF"),"On Hold",IF(W139="","KGB","KBB")))) -> KGB | B139: =IF(A139="on hold", "on hold", IF(A139="KGB", "Standard Shipment", IF(IFERROR(IFERROR(VLOOKUP(L139, List!D:J, 7, 0), VLOOKUP(L139&"", List!D:J, 7, 0)), 0)=0, IF(IFERROR(IFERROR(VLOOKUP(L139, 'CND List'!$A:$C, 3, 0), VLOOKUP(L139&"", 'CND List'!$A:$C, 3, 0)), 0)=0, IF(A139="KBB", "-", ""), IFERROR(VLOOKUP(L139, 'CND List'!$A:$C, 3, 0), VLOOKUP(L139&"", 'CND List'!$A:$C, 3, 0)) ), IFERROR(VLOOKUP(L139, List!D:J, 7, 0), VLOOKUP(L139&"", List!D:J, 7, 0)) ) ) ) -> Standard Shipment | C139: =IF(A139="on hold", "on hold", IF(B139="on hold", "wait for return customer", IF(B139="CND Sceond Pass", "Standard Shipment", IF(AND(A139="kgb", OR(B139="-", B139="", B139="#N/A")), "Standard Shipment", IF(AND(A139="kbb", OR(B139="-", B139="", B139="#N/A")), "wait for return customer", IF(OR(B139="Local Scrap", B139="SBF to be notified", B139="VRAM is pending RTV", B139="BU未結案"), B139, IF(OR(B139="scrap結案", B139="良品結案", LEFT(B139,2)="sc", LEFT(B139,2)="良品"), "CND結案", IF(ISNUMBER(B139), YEAR(B139) & "Q" & INT((MONTH(B139)+2)/3), IF(ISERROR(DATEVALUE(TEXT(B139,"yyyy/mm/dd"))), IF(ISNA(B139), "#N/A", B139), YEAR(DATEVALUE(TEXT(B139,"yyyy/mm/dd"))) & "Q" & INT((MONTH(DATEVALUE(TEXT(B139,"yyyy/mm/dd")))+2)/3)))))))))) -> Standard Shipment | D139: =IF(C139="Local Scrap","Closed",IFERROR(IF(A139="kgb","Closed",IF(MID(C139,5,1)="Q","Closed",LOOKUP(TODAY()-W139, {0,31,91,181,366}, {"0-30天","31-90天","91-180天","181-365天","365天以上"}))), LOOKUP(TODAY()-Z139, {0,31,91,181,366}, {"0-30天","31-90天","91-180天","181-365天","365天以上"}))) -> Closed | E139: {=IF(A139<>"kbb", "", IF(IFERROR(VALUE(V139), 0)=MAX(INDEX(($A$2:$A$4929="kbb")*($L$2:$L$4929=L139)*IFERROR(VALUE($V$2:$V$4929), 0), 0)), "最新", "歷史重複"))} | F139: TO24A000006 | G139: R | H139: PNY | I139: PNY_Asia | J139: 2024/10/08 16:18:37 | K139: 2024/10/04 17:13:24 | L139: 250347489000816 | M139: 90CV07P30010 | N139: RTX4070TI/P141S323/GB/PNY | P139: 250347489000816 | Q139: CLOSED | R139: 吳崇源 | S139: 2024/10/15 12:35:51 | T139: 2024/11/12 13:03:43 | U139: 2024/11/15 11:25:37 | V139: 2024/11/15 11:25:37 | Z139: 2024/10/15 12:21:17 | AA139: KEYIN | AB139: KEYIN | AC139: R10 | AD139: RTX4070TI | AE139: 2024/11/15 11:23:13 | AF139: 001 | AG139: 618305 | AH139: 1 | AI139: 1
A140: =IF(L140="","",IF(COUNTIF(Wip!K:K,L140)=0,IF(W140="","KGB","KBB"),IF(AND(_xlfn.IFNA(VLOOKUP(L140,Wip!K:M,3,0),"")="Y",Q140="MTCAPPLYCONF"),"On Hold",IF(W140="","KGB","KBB")))) -> KGB | B140: =IF(A140="on hold", "on hold", IF(A140="KGB", "Standard Shipment", IF(IFERROR(IFERROR(VLOOKUP(L140, List!D:J, 7, 0), VLOOKUP(L140&"", List!D:J, 7, 0)), 0)=0, IF(IFERROR(IFERROR(VLOOKUP(L140, 'CND List'!$A:$C, 3, 0), VLOOKUP(L140&"", 'CND List'!$A:$C, 3, 0)), 0)=0, IF(A140="KBB", "-", ""), IFERROR(VLOOKUP(L140, 'CND List'!$A:$C, 3, 0), VLOOKUP(L140&"", 'CND List'!$A:$C, 3, 0)) ), IFERROR(VLOOKUP(L140, List!D:J, 7, 0), VLOOKUP(L140&"", List!D:J, 7, 0)) ) ) ) -> Standard Shipment | C140: =IF(A140="on hold", "on hold", IF(B140="on hold", "wait for return customer", IF(B140="CND Sceond Pass", "Standard Shipment", IF(AND(A140="kgb", OR(B140="-", B140="", B140="#N/A")), "Standard Shipment", IF(AND(A140="kbb", OR(B140="-", B140="", B140="#N/A")), "wait for return customer", IF(OR(B140="Local Scrap", B140="SBF to be notified", B140="VRAM is pending RTV", B140="BU未結案"), B140, IF(OR(B140="scrap結案", B140="良品結案", LEFT(B140,2)="sc", LEFT(B140,2)="良品"), "CND結案", IF(ISNUMBER(B140), YEAR(B140) & "Q" & INT((MONTH(B140)+2)/3), IF(ISERROR(DATEVALUE(TEXT(B140,"yyyy/mm/dd"))), IF(ISNA(B140), "#N/A", B140), YEAR(DATEVALUE(TEXT(B140,"yyyy/mm/dd"))) & "Q" & INT((MONTH(DATEVALUE(TEXT(B140,"yyyy/mm/dd")))+2)/3)))))))))) -> Standard Shipment | D140: =IF(C140="Local Scrap","Closed",IFERROR(IF(A140="kgb","Closed",IF(MID(C140,5,1)="Q","Closed",LOOKUP(TODAY()-W140, {0,31,91,181,366}, {"0-30天","31-90天","91-180天","181-365天","365天以上"}))), LOOKUP(TODAY()-Z140, {0,31,91,181,366}, {"0-30天","31-90天","91-180天","181-365天","365天以上"}))) -> Closed | E140: {=IF(A140<>"kbb", "", IF(IFERROR(VALUE(V140), 0)=MAX(INDEX(($A$2:$A$4929="kbb")*($L$2:$L$4929=L140)*IFERROR(VALUE($V$2:$V$4929), 0), 0)), "最新", "歷史重複"))} | F140: TO24A000006 | G140: R | H140: PNY | I140: PNY_Asia | J140: 2024/10/08 16:18:37 | K140: 2024/10/04 17:13:24 | L140: 247904529000028 | M140: 90CV07X20010 | N140: RTX4080/PG139SKU355/GB/PNY | P140: 247904529000028 | Q140: CLOSED | R140: 吳崇源 | S140: 2024/10/15 12:35:51 | T140: 2024/10/17 12:49:08 | U140: 2024/10/18 15:17:16 | V140: 2024/10/18 15:17:16 | Z140: 2024/10/15 12:24:39 | AA140: KEYIN | AB140: KEYIN | AC140: R10 | AD140: RTX4080 | AE140: 2024/10/18 15:16:57 | AF140: 001 | AG140: 617708 | AH140: 1 | AI140: 1
A141: =IF(L141="","",IF(COUNTIF(Wip!K:K,L141)=0,IF(W141="","KGB","KBB"),IF(AND(_xlfn.IFNA(VLOOKUP(L141,Wip!K:M,3,0),"")="Y",Q141="MTCAPPLYCONF"),"On Hold",IF(W141="","KGB","KBB")))) -> KGB | B141: =IF(A141="on hold", "on hold", IF(A141="KGB", "Standard Shipment", IF(IFERROR(IFERROR(VLOOKUP(L141, List!D:J, 7, 0), VLOOKUP(L141&"", List!D:J, 7, 0)), 0)=0, IF(IFERROR(IFERROR(VLOOKUP(L141, 'CND List'!$A:$C, 3, 0), VLOOKUP(L141&"", 'CND List'!$A:$C, 3, 0)), 0)=0, IF(A141="KBB", "-", ""), IFERROR(VLOOKUP(L141, 'CND List'!$A:$C, 3, 0), VLOOKUP(L141&"", 'CND List'!$A:$C, 3, 0)) ), IFERROR(VLOOKUP(L141, List!D:J, 7, 0), VLOOKUP(L141&"", List!D:J, 7, 0)) ) ) ) -> Standard Shipment | C141: =IF(A141="on hold", "on hold", IF(B141="on hold", "wait for return customer", IF(B141="CND Sceond Pass", "Standard Shipment", IF(AND(A141="kgb", OR(B141="-", B141="", B141="#N/A")), "Standard Shipment", IF(AND(A141="kbb", OR(B141="-", B141="", B141="#N/A")), "wait for return customer", IF(OR(B141="Local Scrap", B141="SBF to be notified", B141="VRAM is pending RTV", B141="BU未結案"), B141, IF(OR(B141="scrap結案", B141="良品結案", LEFT(B141,2)="sc", LEFT(B141,2)="良品"), "CND結案", IF(ISNUMBER(B141), YEAR(B141) & "Q" & INT((MONTH(B141)+2)/3), IF(ISERROR(DATEVALUE(TEXT(B141,"yyyy/mm/dd"))), IF(ISNA(B141), "#N/A", B141), YEAR(DATEVALUE(TEXT(B141,"yyyy/mm/dd"))) & "Q" & INT((MONTH(DATEVALUE(TEXT(B141,"yyyy/mm/dd")))+2)/3)))))))))) -> Standard Shipment | D141: =IF(C141="Local Scrap","Closed",IFERROR(IF(A141="kgb","Closed",IF(MID(C141,5,1)="Q","Closed",LOOKUP(TODAY()-W141, {0,31,91,181,366}, {"0-30天","31-90天","91-180天","181-365天","365天以上"}))), LOOKUP(TODAY()-Z141, {0,31,91,181,366}, {"0-30天","31-90天","91-180天","181-365天","365天以上"}))) -> Closed | E141: {=IF(A141<>"kbb", "", IF(IFERROR(VALUE(V141), 0)=MAX(INDEX(($A$2:$A$4929="kbb")*($L$2:$L$4929=L141)*IFERROR(VALUE($V$2:$V$4929), 0), 0)), "最新", "歷史重複"))} | F141: TO24A000006 | G141: R | H141: PNY | I141: PNY_Asia | J141: 2024/10/08 16:18:37 | K141: 2024/10/04 17:13:24 | L141: 247246709001129 | M141: 90CV07R60050 | N141: RTX4070/PG141SKU335/GB/PNY | P141: 247246709001129 | Q141: CLOSED | R141: 吳崇源 | S141: 2024/10/15 12:35:51 | T141: 2024/11/06 12:24:32 | U141: 2024/11/15 11:25:37 | V141: 2024/11/15 11:25:37 | Z141: 2024/10/15 12:11:52 | AA141: KEYIN | AB141: KEYIN | AC141: R10 | AD141: RTX4070 | AE141: 2024/11/15 11:23:12 | AF141: 001 | AG141: 618305 | AH141: 1 | AI141: 1
A142: =IF(L142="","",IF(COUNTIF(Wip!K:K,L142)=0,IF(W142="","KGB","KBB"),IF(AND(_xlfn.IFNA(VLOOKUP(L142,Wip!K:M,3,0),"")="Y",Q142="MTCAPPLYCONF"),"On Hold",IF(W142="","KGB","KBB")))) -> KGB | B142: =IF(A142="on hold", "on hold", IF(A142="KGB", "Standard Shipment", IF(IFERROR(IFERROR(VLOOKUP(L142, List!D:J, 7, 0), VLOOKUP(L142&"", List!D:J, 7, 0)), 0)=0, IF(IFERROR(IFERROR(VLOOKUP(L142, 'CND List'!$A:$C, 3, 0), VLOOKUP(L142&"", 'CND List'!$A:$C, 3, 0)), 0)=0, IF(A142="KBB", "-", ""), IFERROR(VLOOKUP(L142, 'CND List'!$A:$C, 3, 0), VLOOKUP(L142&"", 'CND List'!$A:$C, 3, 0)) ), IFERROR(VLOOKUP(L142, List!D:J, 7, 0), VLOOKUP(L142&"", List!D:J, 7, 0)) ) ) ) -> Standard Shipment | C142: =IF(A142="on hold", "on hold", IF(B142="on hold", "wait for return customer", IF(B142="CND Sceond Pass", "Standard Shipment", IF(AND(A142="kgb", OR(B142="-", B142="", B142="#N/A")), "Standard Shipment", IF(AND(A142="kbb", OR(B142="-", B142="", B142="#N/A")), "wait for return customer", IF(OR(B142="Local Scrap", B142="SBF to be notified", B142="VRAM is pending RTV", B142="BU未結案"), B142, IF(OR(B142="scrap結案", B142="良品結案", LEFT(B142,2)="sc", LEFT(B142,2)="良品"), "CND結案", IF(ISNUMBER(B142), YEAR(B142) & "Q" & INT((MONTH(B142)+2)/3), IF(ISERROR(DATEVALUE(TEXT(B142,"yyyy/mm/dd"))), IF(ISNA(B142), "#N/A", B142), YEAR(DATEVALUE(TEXT(B142,"yyyy/mm/dd"))) & "Q" & INT((MONTH(DATEVALUE(TEXT(B142,"yyyy/mm/dd")))+2)/3)))))))))) -> Standard Shipment | D142: =IF(C142="Local Scrap","Closed",IFERROR(IF(A142="kgb","Closed",IF(MID(C142,5,1)="Q","Closed",LOOKUP(TODAY()-W142, {0,31,91,181,366}, {"0-30天","31-90天","91-180天","181-365天","365天以上"}))), LOOKUP(TODAY()-Z142, {0,31,91,181,366}, {"0-30天","31-90天","91-180天","181-365天","365天以上"}))) -> Closed | E142: {=IF(A142<>"kbb", "", IF(IFERROR(VALUE(V142), 0)=MAX(INDEX(($A$2:$A$4929="kbb")*($L$2:$L$4929=L142)*IFERROR(VALUE($V$2:$V$4929), 0), 0)), "最新", "歷史重複"))} | F142: TO24A000006 | G142: R | H142: PNY | I142: PNY_Asia | J142: 2024/10/08 16:18:37 | K142: 2024/10/04 17:13:24 | L142: 248972559000132 | M142: 90CV07R60050 | N142: RTX4070/PG141SKU335/GB/PNY | P142: 248972559000132 | Q142: CLOSED | R142: 吳崇源 | S142: 2024/10/15 12:35:51 | T142: 2024/10/17 12:34:19 | U142: 2024/10/18 15:17:16 | V142: 2024/10/18 15:17:16 | Z142: 2024/10/15 12:17:17 | AA142: KEYIN | AB142: KEYIN | AC142: R10 | AD142: RTX4070 | AE142: 2024/10/18 15:16:57 | AF142: 001 | AG142: 617708 | AH142: 1 | AI142: 1
A143: =IF(L143="","",IF(COUNTIF(Wip!K:K,L143)=0,IF(W143="","KGB","KBB"),IF(AND(_xlfn.IFNA(VLOOKUP(L143,Wip!K:M,3,0),"")="Y",Q143="MTCAPPLYCONF"),"On Hold",IF(W143="","KGB","KBB")))) -> KGB | B143: =IF(A143="on hold", "on hold", IF(A143="KGB", "Standard Shipment", IF(IFERROR(IFERROR(VLOOKUP(L143, List!D:J, 7, 0), VLOOKUP(L143&"", List!D:J, 7, 0)), 0)=0, IF(IFERROR(IFERROR(VLOOKUP(L143, 'CND List'!$A:$C, 3, 0), VLOOKUP(L143&"", 'CND List'!$A:$C, 3, 0)), 0)=0, IF(A143="KBB", "-", ""), IFERROR(VLOOKUP(L143, 'CND List'!$A:$C, 3, 0), VLOOKUP(L143&"", 'CND List'!$A:$C, 3, 0)) ), IFERROR(VLOOKUP(L143, List!D:J, 7, 0), VLOOKUP(L143&"", List!D:J, 7, 0)) ) ) ) -> Standard Shipment | C143: =IF(A143="on hold", "on hold", IF(B143="on hold", "wait for return customer", IF(B143="CND Sceond Pass", "Standard Shipment", IF(AND(A143="kgb", OR(B143="-", B143="", B143="#N/A")), "Standard Shipment", IF(AND(A143="kbb", OR(B143="-", B143="", B143="#N/A")), "wait for return customer", IF(OR(B143="Local Scrap", B143="SBF to be notified", B143="VRAM is pending RTV", B143="BU未結案"), B143, IF(OR(B143="scrap結案", B143="良品結案", LEFT(B143,2)="sc", LEFT(B143,2)="良品"), "CND結案", IF(ISNUMBER(B143), YEAR(B143) & "Q" & INT((MONTH(B143)+2)/3), IF(ISERROR(DATEVALUE(TEXT(B143,"yyyy/mm/dd"))), IF(ISNA(B143), "#N/A", B143), YEAR(DATEVALUE(TEXT(B143,"yyyy/mm/dd"))) & "Q" & INT((MONTH(DATEVALUE(TEXT(B143,"yyyy/mm/dd")))+2)/3)))))))))) -> Standard Shipment | D143: =IF(C143="Local Scrap","Closed",IFERROR(IF(A143="kgb","Closed",IF(MID(C143,5,1)="Q","Closed",LOOKUP(TODAY()-W143, {0,31,91,181,366}, {"0-30天","31-90天","91-180天","181-365天","365天以上"}))), LOOKUP(TODAY()-Z143, {0,31,91,181,366}, {"0-30天","31-90天","91-180天","181-365天","365天以上"}))) -> Closed | E143: {=IF(A143<>"kbb", "", IF(IFERROR(VALUE(V143), 0)=MAX(INDEX(($A$2:$A$4929="kbb")*($L$2:$L$4929=L143)*IFERROR(VALUE($V$2:$V$4929), 0), 0)), "最新", "歷史重複"))} | F143: TO24A000018 | G143: R | H143: PNY | I143: PNY_Asia | J143: 2024/10/24 14:40:15 | K143: 2024/10/22 17:08:09 | L143: 245676699002134 | M143: 90CV07W10010 | N143: RTX3050/PG173-SKU16/GB/PNY | P143: 245676699002134 | Q143: CLOSED | R143: 吳崇源 | S143: 2024/10/28 14:17:31 | T143: 2024/11/06 09:45:57 | U143: 2024/11/15 11:25:37 | V143: 2024/11/15 11:25:37 | Z143: 2024/10/28 13:06:26 | AA143: KEYIN | AB143: KEYIN | AC143: R10 | AD143: RTX3050 | AE143: 2024/11/15 11:23:13 | AF143: 001 | AG143: 618305 | AH143: 1 | AI143: 1
A144: =IF(L144="","",IF(COUNTIF(Wip!K:K,L144)=0,IF(W144="","KGB","KBB"),IF(AND(_xlfn.IFNA(VLOOKUP(L144,Wip!K:M,3,0),"")="Y",Q144="MTCAPPLYCONF"),"On Hold",IF(W144="","KGB","KBB")))) -> KGB | B144: =IF(A144="on hold", "on hold", IF(A144="KGB", "Standard Shipment", IF(IFERROR(IFERROR(VLOOKUP(L144, List!D:J, 7, 0), VLOOKUP(L144&"", List!D:J, 7, 0)), 0)=0, IF(IFERROR(IFERROR(VLOOKUP(L144, 'CND List'!$A:$C, 3, 0), VLOOKUP(L144&"", 'CND List'!$A:$C, 3, 0)), 0)=0, IF(A144="KBB", "-", ""), IFERROR(VLOOKUP(L144, 'CND List'!$A:$C, 3, 0), VLOOKUP(L144&"", 'CND List'!$A:$C, 3, 0)) ), IFERROR(VLOOKUP(L144, List!D:J, 7, 0), VLOOKUP(L144&"", List!D:J, 7, 0)) ) ) ) -> Standard Shipment | C144: =IF(A144="on hold", "on hold", IF(B144="on hold", "wait for return customer", IF(B144="CND Sceond Pass", "Standard Shipment", IF(AND(A144="kgb", OR(B144="-", B144="", B144="#N/A")), "Standard Shipment", IF(AND(A144="kbb", OR(B144="-", B144="", B144="#N/A")), "wait for return customer", IF(OR(B144="Local Scrap", B144="SBF to be notified", B144="VRAM is pending RTV", B144="BU未結案"), B144, IF(OR(B144="scrap結案", B144="良品結案", LEFT(B144,2)="sc", LEFT(B144,2)="良品"), "CND結案", IF(ISNUMBER(B144), YEAR(B144) & "Q" & INT((MONTH(B144)+2)/3), IF(ISERROR(DATEVALUE(TEXT(B144,"yyyy/mm/dd"))), IF(ISNA(B144), "#N/A", B144), YEAR(DATEVALUE(TEXT(B144,"yyyy/mm/dd"))) & "Q" & INT((MONTH(DATEVALUE(TEXT(B144,"yyyy/mm/dd")))+2)/3)))))))))) -> Standard Shipment | D144: =IF(C144="Local Scrap","Closed",IFERROR(IF(A144="kgb","Closed",IF(MID(C144,5,1)="Q","Closed",LOOKUP(TODAY()-W144, {0,31,91,181,366}, {"0-30天","31-90天","91-180天","181-365天","365天以上"}))), LOOKUP(TODAY()-Z144, {0,31,91,181,366}, {"0-30天","31-90天","91-180天","181-365天","365天以上"}))) -> Closed | E144: {=IF(A144<>"kbb", "", IF(IFERROR(VALUE(V144), 0)=MAX(INDEX(($A$2:$A$4929="kbb")*($L$2:$L$4929=L144)*IFERROR(VALUE($V$2:$V$4929), 0), 0)), "最新", "歷史重複"))} | F144: TO24A000018 | G144: R | H144: PNY | I144: PNY_Asia | J144: 2024/10/24 14:40:15 | K144: 2024/10/22 17:08:09 | L144: 245870439001283 | M144: 90CV07T100H0 | N144: RTX4060/PG173-SKU371/GB/PNY | P144: 245870439001283 | Q144: CLOSED | R144: 吳崇源 | S144: 2024/10/28 14:17:31 | T144: 2024/11/06 10:49:14 | U144: 2024/11/15 11:25:37 | V144: 2024/11/15 11:25:37 | Z144: 2024/10/28 13:42:04 | AA144: KEYIN | AB144: KEYIN | AC144: R10 | AD144: RTX4060 | AE144: 2024/11/15 11:23:12 | AF144: 001 | AG144: 618305 | AH144: 1 | AI144: 1
A145: =IF(L145="","",IF(COUNTIF(Wip!K:K,L145)=0,IF(W145="","KGB","KBB"),IF(AND(_xlfn.IFNA(VLOOKUP(L145,Wip!K:M,3,0),"")="Y",Q145="MTCAPPLYCONF"),"On Hold",IF(W145="","KGB","KBB")))) -> KGB | B145: =IF(A145="on hold", "on hold", IF(A145="KGB", "Standard Shipment", IF(IFERROR(IFERROR(VLOOKUP(L145, List!D:J, 7, 0), VLOOKUP(L145&"", List!D:J, 7, 0)), 0)=0, IF(IFERROR(IFERROR(VLOOKUP(L145, 'CND List'!$A:$C, 3, 0), VLOOKUP(L145&"", 'CND List'!$A:$C, 3, 0)), 0)=0, IF(A145="KBB", "-", ""), IFERROR(VLOOKUP(L145, 'CND List'!$A:$C, 3, 0), VLOOKUP(L145&"", 'CND List'!$A:$C, 3, 0)) ), IFERROR(VLOOKUP(L145, List!D:J, 7, 0), VLOOKUP(L145&"", List!D:J, 7, 0)) ) ) ) -> Standard Shipment | C145: =IF(A145="on hold", "on hold", IF(B145="on hold", "wait for return customer", IF(B145="CND Sceond Pass", "Standard Shipment", IF(AND(A145="kgb", OR(B145="-", B145="", B145="#N/A")), "Standard Shipment", IF(AND(A145="kbb", OR(B145="-", B145="", B145="#N/A")), "wait for return customer", IF(OR(B145="Local Scrap", B145="SBF to be notified", B145="VRAM is pending RTV", B145="BU未結案"), B145, IF(OR(B145="scrap結案", B145="良品結案", LEFT(B145,2)="sc", LEFT(B145,2)="良品"), "CND結案", IF(ISNUMBER(B145), YEAR(B145) & "Q" & INT((MONTH(B145)+2)/3), IF(ISERROR(DATEVALUE(TEXT(B145,"yyyy/mm/dd"))), IF(ISNA(B145), "#N/A", B145), YEAR(DATEVALUE(TEXT(B145,"yyyy/mm/dd"))) & "Q" & INT((MONTH(DATEVALUE(TEXT(B145,"yyyy/mm/dd")))+2)/3)))))))))) -> Standard Shipment | D145: =IF(C145="Local Scrap","Closed",IFERROR(IF(A145="kgb","Closed",IF(MID(C145,5,1)="Q","Closed",LOOKUP(TODAY()-W145, {0,31,91,181,366}, {"0-30天","31-90天","91-180天","181-365天","365天以上"}))), LOOKUP(TODAY()-Z145, {0,31,91,181,366}, {"0-30天","31-90天","91-180天","181-365天","365天以上"}))) -> Closed | E145: {=IF(A145<>"kbb", "", IF(IFERROR(VALUE(V145), 0)=MAX(INDEX(($A$2:$A$4929="kbb")*($L$2:$L$4929=L145)*IFERROR(VALUE($V$2:$V$4929), 0), 0)), "最新", "歷史重複"))} | F145: TO24A000018 | G145: R | H145: PNY | I145: PNY_Asia | J145: 2024/10/24 14:40:15 | K145: 2024/10/22 17:08:09 | L145: 248972559000094 | M145: 90CV07R60050 | N145: RTX4070/PG141SKU335/GB/PNY | P145: 248972559000094 | Q145: CLOSED | R145: 吳崇源 | S145: 2024/10/28 14:17:31 | T145: 2024/11/06 11:06:20 | U145: 2024/11/15 11:25:37 | V145: 2024/11/15 11:25:37 | Z145: 2024/10/28 13:58:41 | AA145: KEYIN | AB145: KEYIN | AC145: R10 | AD145: RTX4070 | AE145: 2024/11/15 11:23:12 | AF145: 001 | AG145: 618305 | AH145: 1 | AI145: 1
A146: =IF(L146="","",IF(COUNTIF(Wip!K:K,L146)=0,IF(W146="","KGB","KBB"),IF(AND(_xlfn.IFNA(VLOOKUP(L146,Wip!K:M,3,0),"")="Y",Q146="MTCAPPLYCONF"),"On Hold",IF(W146="","KGB","KBB")))) -> KGB | B146: =IF(A146="on hold", "on hold", IF(A146="KGB", "Standard Shipment", IF(IFERROR(IFERROR(VLOOKUP(L146, List!D:J, 7, 0), VLOOKUP(L146&"", List!D:J, 7, 0)), 0)=0, IF(IFERROR(IFERROR(VLOOKUP(L146, 'CND List'!$A:$C, 3, 0), VLOOKUP(L146&"", 'CND List'!$A:$C, 3, 0)), 0)=0, IF(A146="KBB", "-", ""), IFERROR(VLOOKUP(L146, 'CND List'!$A:$C, 3, 0), VLOOKUP(L146&"", 'CND List'!$A:$C, 3, 0)) ), IFERROR(VLOOKUP(L146, List!D:J, 7, 0), VLOOKUP(L146&"", List!D:J, 7, 0)) ) ) ) -> Standard Shipment | C146: =IF(A146="on hold", "on hold", IF(B146="on hold", "wait for return customer", IF(B146="CND Sceond Pass", "Standard Shipment", IF(AND(A146="kgb", OR(B146="-", B146="", B146="#N/A")), "Standard Shipment", IF(AND(A146="kbb", OR(B146="-", B146="", B146="#N/A")), "wait for return customer", IF(OR(B146="Local Scrap", B146="SBF to be notified", B146="VRAM is pending RTV", B146="BU未結案"), B146, IF(OR(B146="scrap結案", B146="良品結案", LEFT(B146,2)="sc", LEFT(B146,2)="良品"), "CND結案", IF(ISNUMBER(B146), YEAR(B146) & "Q" & INT((MONTH(B146)+2)/3), IF(ISERROR(DATEVALUE(TEXT(B146,"yyyy/mm/dd"))), IF(ISNA(B146), "#N/A", B146), YEAR(DATEVALUE(TEXT(B146,"yyyy/mm/dd"))) & "Q" & INT((MONTH(DATEVALUE(TEXT(B146,"yyyy/mm/dd")))+2)/3)))))))))) -> Standard Shipment | D146: =IF(C146="Local Scrap","Closed",IFERROR(IF(A146="kgb","Closed",IF(MID(C146,5,1)="Q","Closed",LOOKUP(TODAY()-W146, {0,31,91,181,366}, {"0-30天","31-90天","91-180天","181-365天","365天以上"}))), LOOKUP(TODAY()-Z146, {0,31,91,181,366}, {"0-30天","31-90天","91-180天","181-365天","365天以上"}))) -> Closed | E146: {=IF(A146<>"kbb", "", IF(IFERROR(VALUE(V146), 0)=MAX(INDEX(($A$2:$A$4929="kbb")*($L$2:$L$4929=L146)*IFERROR(VALUE($V$2:$V$4929), 0), 0)), "最新", "歷史重複"))} | F146: TO24A000018 | G146: R | H146: PNY | I146: PNY_Asia | J146: 2024/10/24 14:40:15 | K146: 2024/10/22 17:08:09 | L146: 249297609000073 | M146: 90CV07X20010 | N146: RTX4080/PG139SKU355/GB/PNY | P146: 249297609000073 | Q146: CLOSED | R146: 吳崇源 | S146: 2024/10/28 14:17:31 | T146: 2024/11/12 13:01:54 | U146: 2024/11/15 11:25:37 | V146: 2024/11/15 11:25:37 | Z146: 2024/10/28 14:02:57 | AA146: KEYIN | AB146: KEYIN | AC146: R10 | AD146: RTX4080 | AE146: 2024/11/15 11:23:12 | AF146: 001 | AG146: 618305 | AH146: 1 | AI146: 1
A147: =IF(L147="","",IF(COUNTIF(Wip!K:K,L147)=0,IF(W147="","KGB","KBB"),IF(AND(_xlfn.IFNA(VLOOKUP(L147,Wip!K:M,3,0),"")="Y",Q147="MTCAPPLYCONF"),"On Hold",IF(W147="","KGB","KBB")))) -> KBB | B147: =IF(A147="on hold", "on hold", IF(A147="KGB", "Standard Shipment", IF(IFERROR(IFERROR(VLOOKUP(L147, List!D:J, 7, 0), VLOOKUP(L147&"", List!D:J, 7, 0)), 0)=0, IF(IFERROR(IFERROR(VLOOKUP(L147, 'CND List'!$A:$C, 3, 0), VLOOKUP(L147&"", 'CND List'!$A:$C, 3, 0)), 0)=0, IF(A147="KBB", "-", ""), IFERROR(VLOOKUP(L147, 'CND List'!$A:$C, 3, 0), VLOOKUP(L147&"", 'CND List'!$A:$C, 3, 0)) ), IFERROR(VLOOKUP(L147, List!D:J, 7, 0), VLOOKUP(L147&"", List!D:J, 7, 0)) ) ) ) -> Local Scrap | C147: =IF(A147="on hold", "on hold", IF(B147="on hold", "wait for return customer", IF(B147="CND Sceond Pass", "Standard Shipment", IF(AND(A147="kgb", OR(B147="-", B147="", B147="#N/A")), "Standard Shipment", IF(AND(A147="kbb", OR(B147="-", B147="", B147="#N/A")), "wait for return customer", IF(OR(B147="Local Scrap", B147="SBF to be notified", B147="VRAM is pending RTV", B147="BU未結案"), B147, IF(OR(B147="scrap結案", B147="良品結案", LEFT(B147,2)="sc", LEFT(B147,2)="良品"), "CND結案", IF(ISNUMBER(B147), YEAR(B147) & "Q" & INT((MONTH(B147)+2)/3), IF(ISERROR(DATEVALUE(TEXT(B147,"yyyy/mm/dd"))), IF(ISNA(B147), "#N/A", B147), YEAR(DATEVALUE(TEXT(B147,"yyyy/mm/dd"))) & "Q" & INT((MONTH(DATEVALUE(TEXT(B147,"yyyy/mm/dd")))+2)/3)))))))))) -> Local Scrap | D147: =IF(C147="Local Scrap","Closed",IFERROR(IF(A147="kgb","Closed",IF(MID(C147,5,1)="Q","Closed",LOOKUP(TODAY()-W147, {0,31,91,181,366}, {"0-30天","31-90天","91-180天","181-365天","365天以上"}))), LOOKUP(TODAY()-Z147, {0,31,91,181,366}, {"0-30天","31-90天","91-180天","181-365天","365天以上"}))) -> Closed | E147: {=IF(A147<>"kbb", "", IF(IFERROR(VALUE(V147), 0)=MAX(INDEX(($A$2:$A$4929="kbb")*($L$2:$L$4929=L147)*IFERROR(VALUE($V$2:$V$4929), 0), 0)), "最新", "歷史重複"))} -> 最新 | F147: TO24A000018 | G147: R | H147: PNY | I147: PNY_Asia | J147: 2024/10/24 14:40:15 | K147: 2024/10/22 17:08:09 | L147: 250848519000421 | M147: 90CV07S10050 | N147: RTX4090/PG139-SKU332/GB/PNY | P147: 250848519000421 | Q147: CLOSED | R147: 吳崇源 | S147: 2024/10/28 14:43:24 | V147: 2024/11/01 18:19:59 | W147: [A3SC0022]Scrap caused by service terms | X147: Customer | Y147: 客戶未經授權維修/G1/VRAM | Z147: 2024/10/28 14:30:10 | AA147: KEYIN | AB147: KEYIN | AC147: C01 | AD147: RTX4090
A148: =IF(L148="","",IF(COUNTIF(Wip!K:K,L148)=0,IF(W148="","KGB","KBB"),IF(AND(_xlfn.IFNA(VLOOKUP(L148,Wip!K:M,3,0),"")="Y",Q148="MTCAPPLYCONF"),"On Hold",IF(W148="","KGB","KBB")))) -> KGB | B148: =IF(A148="on hold", "on hold", IF(A148="KGB", "Standard Shipment", IF(IFERROR(IFERROR(VLOOKUP(L148, List!D:J, 7, 0), VLOOKUP(L148&"", List!D:J, 7, 0)), 0)=0, IF(IFERROR(IFERROR(VLOOKUP(L148, 'CND List'!$A:$C, 3, 0), VLOOKUP(L148&"", 'CND List'!$A:$C, 3, 0)), 0)=0, IF(A148="KBB", "-", ""), IFERROR(VLOOKUP(L148, 'CND List'!$A:$C, 3, 0), VLOOKUP(L148&"", 'CND List'!$A:$C, 3, 0)) ), IFERROR(VLOOKUP(L148, List!D:J, 7, 0), VLOOKUP(L148&"", List!D:J, 7, 0)) ) ) ) -> Standard Shipment | C148: =IF(A148="on hold", "on hold", IF(B148="on hold", "wait for return customer", IF(B148="CND Sceond Pass", "Standard Shipment", IF(AND(A148="kgb", OR(B148="-", B148="", B148="#N/A")), "Standard Shipment", IF(AND(A148="kbb", OR(B148="-", B148="", B148="#N/A")), "wait for return customer", IF(OR(B148="Local Scrap", B148="SBF to be notified", B148="VRAM is pending RTV", B148="BU未結案"), B148, IF(OR(B148="scrap結案", B148="良品結案", LEFT(B148,2)="sc", LEFT(B148,2)="良品"), "CND結案", IF(ISNUMBER(B148), YEAR(B148) & "Q" & INT((MONTH(B148)+2)/3), IF(ISERROR(DATEVALUE(TEXT(B148,"yyyy/mm/dd"))), IF(ISNA(B148), "#N/A", B148), YEAR(DATEVALUE(TEXT(B148,"yyyy/mm/dd"))) & "Q" & INT((MONTH(DATEVALUE(TEXT(B148,"yyyy/mm/dd")))+2)/3)))))))))) -> Standard Shipment | D148: =IF(C148="Local Scrap","Closed",IFERROR(IF(A148="kgb","Closed",IF(MID(C148,5,1)="Q","Closed",LOOKUP(TODAY()-W148, {0,31,91,181,366}, {"0-30天","31-90天","91-180天","181-365天","365天以上"}))), LOOKUP(TODAY()-Z148, {0,31,91,181,366}, {"0-30天","31-90天","91-180天","181-365天","365天以上"}))) -> Closed | E148: {=IF(A148<>"kbb", "", IF(IFERROR(VALUE(V148), 0)=MAX(INDEX(($A$2:$A$4929="kbb")*($L$2:$L$4929=L148)*IFERROR(VALUE($V$2:$V$4929), 0), 0)), "最新", "歷史重複"))} | F148: TO24A000018 | G148: R | H148: PNY | I148: PNY_Asia | J148: 2024/10/24 14:40:15 | K148: 2024/10/22 17:08:09 | L148: 249857669000104 | M148: 90CV07S00020 | N148: RTX4090/PG139-SKU332/GB/PNY | P148: 249857669000104 | Q148: CLOSED | R148: 吳崇源 | S148: 2024/10/28 14:43:24 | T148: 2024/11/12 14:16:40 | U148: 2024/11/15 11:25:38 | V148: 2024/11/15 11:25:38 | Z148: 2024/10/28 14:38:29 | AA148: KEYIN | AB148: KEYIN | AC148: R10 | AD148: RTX4090 | AE148: 2024/11/15 11:23:12 | AF148: 001 | AG148: 618305 | AH148: 1 | AI148: 1
A149: =IF(L149="","",IF(COUNTIF(Wip!K:K,L149)=0,IF(W149="","KGB","KBB"),IF(AND(_xlfn.IFNA(VLOOKUP(L149,Wip!K:M,3,0),"")="Y",Q149="MTCAPPLYCONF"),"On Hold",IF(W149="","KGB","KBB")))) -> KGB | B149: =IF(A149="on hold", "on hold", IF(A149="KGB", "Standard Shipment", IF(IFERROR(IFERROR(VLOOKUP(L149, List!D:J, 7, 0), VLOOKUP(L149&"", List!D:J, 7, 0)), 0)=0, IF(IFERROR(IFERROR(VLOOKUP(L149, 'CND List'!$A:$C, 3, 0), VLOOKUP(L149&"", 'CND List'!$A:$C, 3, 0)), 0)=0, IF(A149="KBB", "-", ""), IFERROR(VLOOKUP(L149, 'CND List'!$A:$C, 3, 0), VLOOKUP(L149&"", 'CND List'!$A:$C, 3, 0)) ), IFERROR(VLOOKUP(L149, List!D:J, 7, 0), VLOOKUP(L149&"", List!D:J, 7, 0)) ) ) ) -> Standard Shipment | C149: =IF(A149="on hold", "on hold", IF(B149="on hold", "wait for return customer", IF(B149="CND Sceond Pass", "Standard Shipment", IF(AND(A149="kgb", OR(B149="-", B149="", B149="#N/A")), "Standard Shipment", IF(AND(A149="kbb", OR(B149="-", B149="", B149="#N/A")), "wait for return customer", IF(OR(B149="Local Scrap", B149="SBF to be notified", B149="VRAM is pending RTV", B149="BU未結案"), B149, IF(OR(B149="scrap結案", B149="良品結案", LEFT(B149,2)="sc", LEFT(B149,2)="良品"), "CND結案", IF(ISNUMBER(B149), YEAR(B149) & "Q" & INT((MONTH(B149)+2)/3), IF(ISERROR(DATEVALUE(TEXT(B149,"yyyy/mm/dd"))), IF(ISNA(B149), "#N/A", B149), YEAR(DATEVALUE(TEXT(B149,"yyyy/mm/dd"))) & "Q" & INT((MONTH(DATEVALUE(TEXT(B149,"yyyy/mm/dd")))+2)/3)))))))))) -> Standard Shipment | D149: =IF(C149="Local Scrap","Closed",IFERROR(IF(A149="kgb","Closed",IF(MID(C149,5,1)="Q","Closed",LOOKUP(TODAY()-W149, {0,31,91,181,366}, {"0-30天","31-90天","91-180天","181-365天","365天以上"}))), LOOKUP(TODAY()-Z149, {0,31,91,181,366}, {"0-30天","31-90天","91-180天","181-365天","365天以上"}))) -> Closed | E149: {=IF(A149<>"kbb", "", IF(IFERROR(VALUE(V149), 0)=MAX(INDEX(($A$2:$A$4929="kbb")*($L$2:$L$4929=L149)*IFERROR(VALUE($V$2:$V$4929), 0), 0)), "最新", "歷史重複"))} | F149: TO24A000018 | G149: R | H149: PNY | I149: PNY_Asia | J149: 2024/10/24 14:40:15 | K149: 2024/10/22 17:08:09 | L149: 244749229000040 | M149: 90CV07X30010 | N149: RTX4080/PG139SKU355/GB/PNY | P149: 244749229000040 | Q149: CLOSED | R149: 吳崇源 | S149: 2024/10/28 14:17:31 | T149: 2024/11/12 14:17:21 | U149: 2024/11/15 11:25:37 | V149: 2024/11/15 11:25:37 | Z149: 2024/10/28 14:12:06 | AA149: KEYIN | AB149: KEYIN | AC149: R10 | AD149: RTX4080 | AE149: 2024/11/15 11:23:12 | AF149: 001 | AG149: 618305 | AH149: 1 | AI149: 1
A150: =IF(L150="","",IF(COUNTIF(Wip!K:K,L150)=0,IF(W150="","KGB","KBB"),IF(AND(_xlfn.IFNA(VLOOKUP(L150,Wip!K:M,3,0),"")="Y",Q150="MTCAPPLYCONF"),"On Hold",IF(W150="","KGB","KBB")))) -> KGB | B150: =IF(A150="on hold", "on hold", IF(A150="KGB", "Standard Shipment", IF(IFERROR(IFERROR(VLOOKUP(L150, List!D:J, 7, 0), VLOOKUP(L150&"", List!D:J, 7, 0)), 0)=0, IF(IFERROR(IFERROR(VLOOKUP(L150, 'CND List'!$A:$C, 3, 0), VLOOKUP(L150&"", 'CND List'!$A:$C, 3, 0)), 0)=0, IF(A150="KBB", "-", ""), IFERROR(VLOOKUP(L150, 'CND List'!$A:$C, 3, 0), VLOOKUP(L150&"", 'CND List'!$A:$C, 3, 0)) ), IFERROR(VLOOKUP(L150, List!D:J, 7, 0), VLOOKUP(L150&"", List!D:J, 7, 0)) ) ) ) -> Standard Shipment | C150: =IF(A150="on hold", "on hold", IF(B150="on hold", "wait for return customer", IF(B150="CND Sceond Pass", "Standard Shipment", IF(AND(A150="kgb", OR(B150="-", B150="", B150="#N/A")), "Standard Shipment", IF(AND(A150="kbb", OR(B150="-", B150="", B150="#N/A")), "wait for return customer", IF(OR(B150="Local Scrap", B150="SBF to be notified", B150="VRAM is pending RTV", B150="BU未結案"), B150, IF(OR(B150="scrap結案", B150="良品結案", LEFT(B150,2)="sc", LEFT(B150,2)="良品"), "CND結案", IF(ISNUMBER(B150), YEAR(B150) & "Q" & INT((MONTH(B150)+2)/3), IF(ISERROR(DATEVALUE(TEXT(B150,"yyyy/mm/dd"))), IF(ISNA(B150), "#N/A", B150), YEAR(DATEVALUE(TEXT(B150,"yyyy/mm/dd"))) & "Q" & INT((MONTH(DATEVALUE(TEXT(B150,"yyyy/mm/dd")))+2)/3)))))))))) -> Standard Shipment | D150: =IF(C150="Local Scrap","Closed",IFERROR(IF(A150="kgb","Closed",IF(MID(C150,5,1)="Q","Closed",LOOKUP(TODAY()-W150, {0,31,91,181,366}, {"0-30天","31-90天","91-180天","181-365天","365天以上"}))), LOOKUP(TODAY()-Z150, {0,31,91,181,366}, {"0-30天","31-90天","91-180天","181-365天","365天以上"}))) -> Closed | E150: {=IF(A150<>"kbb", "", IF(IFERROR(VALUE(V150), 0)=MAX(INDEX(($A$2:$A$4929="kbb")*($L$2:$L$4929=L150)*IFERROR(VALUE($V$2:$V$4929), 0), 0)), "最新", "歷史重複"))} | F150: TO24A000018 | G150: R | H150: PNY | I150: PNY_Asia | J150: 2024/10/24 14:40:15 | K150: 2024/10/22 17:08:09 | L150: 245676699000519 | M150: 90CV07W10010 | N150: RTX3050/PG173-SKU16/GB/PNY | P150: 245676699000519 | Q150: CLOSED | R150: 吳崇源 | S150: 2024/10/28 14:17:31 | T150: 2024/11/06 09:45:11 | U150: 2024/11/15 11:25:37 | V150: 2024/11/15 11:25:37 | Z150: 2024/10/28 13:09:37 | AA150: KEYIN | AB150: KEYIN | AC150: R10 | AD150: RTX3050 | AE150: 2024/11/15 11:23:12 | AF150: 001 | AG150: 618305 | AH150: 1 | AI150: 1
A151: =IF(L151="","",IF(COUNTIF(Wip!K:K,L151)=0,IF(W151="","KGB","KBB"),IF(AND(_xlfn.IFNA(VLOOKUP(L151,Wip!K:M,3,0),"")="Y",Q151="MTCAPPLYCONF"),"On Hold",IF(W151="","KGB","KBB")))) -> KGB | B151: =IF(A151="on hold", "on hold", IF(A151="KGB", "Standard Shipment", IF(IFERROR(IFERROR(VLOOKUP(L151, List!D:J, 7, 0), VLOOKUP(L151&"", List!D:J, 7, 0)), 0)=0, IF(IFERROR(IFERROR(VLOOKUP(L151, 'CND List'!$A:$C, 3, 0), VLOOKUP(L151&"", 'CND List'!$A:$C, 3, 0)), 0)=0, IF(A151="KBB", "-", ""), IFERROR(VLOOKUP(L151, 'CND List'!$A:$C, 3, 0), VLOOKUP(L151&"", 'CND List'!$A:$C, 3, 0)) ), IFERROR(VLOOKUP(L151, List!D:J, 7, 0), VLOOKUP(L151&"", List!D:J, 7, 0)) ) ) ) -> Standard Shipment | C151: =IF(A151="on hold", "on hold", IF(B151="on hold", "wait for return customer", IF(B151="CND Sceond Pass", "Standard Shipment", IF(AND(A151="kgb", OR(B151="-", B151="", B151="#N/A")), "Standard Shipment", IF(AND(A151="kbb", OR(B151="-", B151="", B151="#N/A")), "wait for return customer", IF(OR(B151="Local Scrap", B151="SBF to be notified", B151="VRAM is pending RTV", B151="BU未結案"), B151, IF(OR(B151="scrap結案", B151="良品結案", LEFT(B151,2)="sc", LEFT(B151,2)="良品"), "CND結案", IF(ISNUMBER(B151), YEAR(B151) & "Q" & INT((MONTH(B151)+2)/3), IF(ISERROR(DATEVALUE(TEXT(B151,"yyyy/mm/dd"))), IF(ISNA(B151), "#N/A", B151), YEAR(DATEVALUE(TEXT(B151,"yyyy/mm/dd"))) & "Q" & INT((MONTH(DATEVALUE(TEXT(B151,"yyyy/mm/dd")))+2)/3)))))))))) -> Standard Shipment | D151: =IF(C151="Local Scrap","Closed",IFERROR(IF(A151="kgb","Closed",IF(MID(C151,5,1)="Q","Closed",LOOKUP(TODAY()-W151, {0,31,91,181,366}, {"0-30天","31-90天","91-180天","181-365天","365天以上"}))), LOOKUP(TODAY()-Z151, {0,31,91,181,366}, {"0-30天","31-90天","91-180天","181-365天","365天以上"}))) -> Closed | E151: {=IF(A151<>"kbb", "", IF(IFERROR(VALUE(V151), 0)=MAX(INDEX(($A$2:$A$4929="kbb")*($L$2:$L$4929=L151)*IFERROR(VALUE($V$2:$V$4929), 0), 0)), "最新", "歷史重複"))} | F151: TO24A000018 | G151: R | H151: PNY | I151: PNY_Asia | J151: 2024/10/24 14:40:15 | K151: 2024/10/22 17:08:09 | L151: 242049769001099 | M151: 90CV07T10090 | N151: RTX4060/PG173-SKU371/GB/PNY | P151: 242049769001099 | Q151: CLOSED | R151: 吳崇源 | S151: 2024/10/28 14:17:31 | T151: 2024/11/06 10:20:45 | U151: 2024/11/15 11:25:37 | V151: 2024/11/15 11:25:37 | Z151: 2024/10/28 13:15:17 | AA151: KEYIN | AB151: KEYIN | AC151: R10 | AD151: RTX4060 | AE151: 2024/11/15 11:23:12 | AF151: 001 | AG151: 618305 | AH151: 1 | AI151: 1
A152: =IF(L152="","",IF(COUNTIF(Wip!K:K,L152)=0,IF(W152="","KGB","KBB"),IF(AND(_xlfn.IFNA(VLOOKUP(L152,Wip!K:M,3,0),"")="Y",Q152="MTCAPPLYCONF"),"On Hold",IF(W152="","KGB","KBB")))) -> KGB | B152: =IF(A152="on hold", "on hold", IF(A152="KGB", "Standard Shipment", IF(IFERROR(IFERROR(VLOOKUP(L152, List!D:J, 7, 0), VLOOKUP(L152&"", List!D:J, 7, 0)), 0)=0, IF(IFERROR(IFERROR(VLOOKUP(L152, 'CND List'!$A:$C, 3, 0), VLOOKUP(L152&"", 'CND List'!$A:$C, 3, 0)), 0)=0, IF(A152="KBB", "-", ""), IFERROR(VLOOKUP(L152, 'CND List'!$A:$C, 3, 0), VLOOKUP(L152&"", 'CND List'!$A:$C, 3, 0)) ), IFERROR(VLOOKUP(L152, List!D:J, 7, 0), VLOOKUP(L152&"", List!D:J, 7, 0)) ) ) ) -> Standard Shipment | C152: =IF(A152="on hold", "on hold", IF(B152="on hold", "wait for return customer", IF(B152="CND Sceond Pass", "Standard Shipment", IF(AND(A152="kgb", OR(B152="-", B152="", B152="#N/A")), "Standard Shipment", IF(AND(A152="kbb", OR(B152="-", B152="", B152="#N/A")), "wait for return customer", IF(OR(B152="Local Scrap", B152="SBF to be notified", B152="VRAM is pending RTV", B152="BU未結案"), B152, IF(OR(B152="scrap結案", B152="良品結案", LEFT(B152,2)="sc", LEFT(B152,2)="良品"), "CND結案", IF(ISNUMBER(B152), YEAR(B152) & "Q" & INT((MONTH(B152)+2)/3), IF(ISERROR(DATEVALUE(TEXT(B152,"yyyy/mm/dd"))), IF(ISNA(B152), "#N/A", B152), YEAR(DATEVALUE(TEXT(B152,"yyyy/mm/dd"))) & "Q" & INT((MONTH(DATEVALUE(TEXT(B152,"yyyy/mm/dd")))+2)/3)))))))))) -> Standard Shipment | D152: =IF(C152="Local Scrap","Closed",IFERROR(IF(A152="kgb","Closed",IF(MID(C152,5,1)="Q","Closed",LOOKUP(TODAY()-W152, {0,31,91,181,366}, {"0-30天","31-90天","91-180天","181-365天","365天以上"}))), LOOKUP(TODAY()-Z152, {0,31,91,181,366}, {"0-30天","31-90天","91-180天","181-365天","365天以上"}))) -> Closed | E152: {=IF(A152<>"kbb", "", IF(IFERROR(VALUE(V152), 0)=MAX(INDEX(($A$2:$A$4929="kbb")*($L$2:$L$4929=L152)*IFERROR(VALUE($V$2:$V$4929), 0), 0)), "最新", "歷史重複"))} | F152: TO24A000018 | G152: R | H152: PNY | I152: PNY_Asia | J152: 2024/10/24 14:40:15 | K152: 2024/10/22 17:08:09 | L152: 246025569001478 | M152: 90CV07X20030 | N152: RTX4080/PG139SKU355/GB/PNY | P152: 246025569001478 | Q152: CLOSED | R152: 吳崇源 | S152: 2024/10/28 14:17:31 | T152: 2024/11/12 13:02:30 | U152: 2024/11/15 11:25:37 | V152: 2024/11/15 11:25:37 | Z152: 2024/10/28 14:06:32 | AA152: KEYIN | AB152: KEYIN | AC152: R10 | AD152: RTX4080 | AE152: 2024/11/15 11:23:12 | AF152: 001 | AG152: 618305 | AH152: 1 | AI152: 1
A153: =IF(L153="","",IF(COUNTIF(Wip!K:K,L153)=0,IF(W153="","KGB","KBB"),IF(AND(_xlfn.IFNA(VLOOKUP(L153,Wip!K:M,3,0),"")="Y",Q153="MTCAPPLYCONF"),"On Hold",IF(W153="","KGB","KBB")))) -> KBB | B153: =IF(A153="on hold", "on hold", IF(A153="KGB", "Standard Shipment", IF(IFERROR(IFERROR(VLOOKUP(L153, List!D:J, 7, 0), VLOOKUP(L153&"", List!D:J, 7, 0)), 0)=0, IF(IFERROR(IFERROR(VLOOKUP(L153, 'CND List'!$A:$C, 3, 0), VLOOKUP(L153&"", 'CND List'!$A:$C, 3, 0)), 0)=0, IF(A153="KBB", "-", ""), IFERROR(VLOOKUP(L153, 'CND List'!$A:$C, 3, 0), VLOOKUP(L153&"", 'CND List'!$A:$C, 3, 0)) ), IFERROR(VLOOKUP(L153, List!D:J, 7, 0), VLOOKUP(L153&"", List!D:J, 7, 0)) ) ) ) -> Local Scrap | C153: =IF(A153="on hold", "on hold", IF(B153="on hold", "wait for return customer", IF(B153="CND Sceond Pass", "Standard Shipment", IF(AND(A153="kgb", OR(B153="-", B153="", B153="#N/A")), "Standard Shipment", IF(AND(A153="kbb", OR(B153="-", B153="", B153="#N/A")), "wait for return customer", IF(OR(B153="Local Scrap", B153="SBF to be notified", B153="VRAM is pending RTV", B153="BU未結案"), B153, IF(OR(B153="scrap結案", B153="良品結案", LEFT(B153,2)="sc", LEFT(B153,2)="良品"), "CND結案", IF(ISNUMBER(B153), YEAR(B153) & "Q" & INT((MONTH(B153)+2)/3), IF(ISERROR(DATEVALUE(TEXT(B153,"yyyy/mm/dd"))), IF(ISNA(B153), "#N/A", B153), YEAR(DATEVALUE(TEXT(B153,"yyyy/mm/dd"))) & "Q" & INT((MONTH(DATEVALUE(TEXT(B153,"yyyy/mm/dd")))+2)/3)))))))))) -> Local Scrap | D153: =IF(C153="Local Scrap","Closed",IFERROR(IF(A153="kgb","Closed",IF(MID(C153,5,1)="Q","Closed",LOOKUP(TODAY()-W153, {0,31,91,181,366}, {"0-30天","31-90天","91-180天","181-365天","365天以上"}))), LOOKUP(TODAY()-Z153, {0,31,91,181,366}, {"0-30天","31-90天","91-180天","181-365天","365天以上"}))) -> Closed | E153: {=IF(A153<>"kbb", "", IF(IFERROR(VALUE(V153), 0)=MAX(INDEX(($A$2:$A$4929="kbb")*($L$2:$L$4929=L153)*IFERROR(VALUE($V$2:$V$4929), 0), 0)), "最新", "歷史重複"))} -> 最新 | F153: TO24A000018 | G153: R | H153: PNY | I153: PNY_Asia | J153: 2024/10/24 14:40:15 | K153: 2024/10/22 17:08:09 | L153: 250848519000141 | M153: 90CV07S10050 | N153: RTX4090/PG139-SKU332/GB/PNY | P153: 250848519000141 | Q153: CLOSED | R153: 吳崇源 | S153: 2024/10/28 14:17:31 | V153: 2024/11/01 18:19:06 | W153: [A3SC0022]Scrap caused by service terms | X153: Customer | Y153: 客戶未經授權維修/G1/VRAM | Z153: 2024/10/28 14:16:38 | AA153: KEYIN | AB153: KEYIN | AC153: C01 | AD153: RTX4090
A154: =IF(L154="","",IF(COUNTIF(Wip!K:K,L154)=0,IF(W154="","KGB","KBB"),IF(AND(_xlfn.IFNA(VLOOKUP(L154,Wip!K:M,3,0),"")="Y",Q154="MTCAPPLYCONF"),"On Hold",IF(W154="","KGB","KBB")))) -> KGB | B154: =IF(A154="on hold", "on hold", IF(A154="KGB", "Standard Shipment", IF(IFERROR(IFERROR(VLOOKUP(L154, List!D:J, 7, 0), VLOOKUP(L154&"", List!D:J, 7, 0)), 0)=0, IF(IFERROR(IFERROR(VLOOKUP(L154, 'CND List'!$A:$C, 3, 0), VLOOKUP(L154&"", 'CND List'!$A:$C, 3, 0)), 0)=0, IF(A154="KBB", "-", ""), IFERROR(VLOOKUP(L154, 'CND List'!$A:$C, 3, 0), VLOOKUP(L154&"", 'CND List'!$A:$C, 3, 0)) ), IFERROR(VLOOKUP(L154, List!D:J, 7, 0), VLOOKUP(L154&"", List!D:J, 7, 0)) ) ) ) -> Standard Shipment | C154: =IF(A154="on hold", "on hold", IF(B154="on hold", "wait for return customer", IF(B154="CND Sceond Pass", "Standard Shipment", IF(AND(A154="kgb", OR(B154="-", B154="", B154="#N/A")), "Standard Shipment", IF(AND(A154="kbb", OR(B154="-", B154="", B154="#N/A")), "wait for return customer", IF(OR(B154="Local Scrap", B154="SBF to be notified", B154="VRAM is pending RTV", B154="BU未結案"), B154, IF(OR(B154="scrap結案", B154="良品結案", LEFT(B154,2)="sc", LEFT(B154,2)="良品"), "CND結案", IF(ISNUMBER(B154), YEAR(B154) & "Q" & INT((MONTH(B154)+2)/3), IF(ISERROR(DATEVALUE(TEXT(B154,"yyyy/mm/dd"))), IF(ISNA(B154), "#N/A", B154), YEAR(DATEVALUE(TEXT(B154,"yyyy/mm/dd"))) & "Q" & INT((MONTH(DATEVALUE(TEXT(B154,"yyyy/mm/dd")))+2)/3)))))))))) -> Standard Shipment | D154: =IF(C154="Local Scrap","Closed",IFERROR(IF(A154="kgb","Closed",IF(MID(C154,5,1)="Q","Closed",LOOKUP(TODAY()-W154, {0,31,91,181,366}, {"0-30天","31-90天","91-180天","181-365天","365天以上"}))), LOOKUP(TODAY()-Z154, {0,31,91,181,366}, {"0-30天","31-90天","91-180天","181-365天","365天以上"}))) -> Closed | E154: {=IF(A154<>"kbb", "", IF(IFERROR(VALUE(V154), 0)=MAX(INDEX(($A$2:$A$4929="kbb")*($L$2:$L$4929=L154)*IFERROR(VALUE($V$2:$V$4929), 0), 0)), "最新", "歷史重複"))} | F154: TO24A000018 | G154: R | H154: PNY | I154: PNY_Asia | J154: 2024/10/24 14:40:15 | K154: 2024/10/22 17:08:09 | L154: 244969449000775 | M154: 90CV07T100G0 | N154: RTX4060/PG173-SKU371/GB/PNY | P154: 244969449000775 | Q154: CLOSED | R154: 吳崇源 | S154: 2024/10/28 14:17:31 | T154: 2024/11/06 10:44:51 | U154: 2024/11/15 11:25:37 | V154: 2024/11/15 11:25:37 | Z154: 2024/10/28 13:37:59 | AA154: KEYIN | AB154: KEYIN | AC154: R10 | AD154: RTX4060 | AE154: 2024/11/15 11:23:12 | AF154: 001 | AG154: 618305 | AH154: 1 | AI154: 1
A155: =IF(L155="","",IF(COUNTIF(Wip!K:K,L155)=0,IF(W155="","KGB","KBB"),IF(AND(_xlfn.IFNA(VLOOKUP(L155,Wip!K:M,3,0),"")="Y",Q155="MTCAPPLYCONF"),"On Hold",IF(W155="","KGB","KBB")))) -> KGB | B155: =IF(A155="on hold", "on hold", IF(A155="KGB", "Standard Shipment", IF(IFERROR(IFERROR(VLOOKUP(L155, List!D:J, 7, 0), VLOOKUP(L155&"", List!D:J, 7, 0)), 0)=0, IF(IFERROR(IFERROR(VLOOKUP(L155, 'CND List'!$A:$C, 3, 0), VLOOKUP(L155&"", 'CND List'!$A:$C, 3, 0)), 0)=0, IF(A155="KBB", "-", ""), IFERROR(VLOOKUP(L155, 'CND List'!$A:$C, 3, 0), VLOOKUP(L155&"", 'CND List'!$A:$C, 3, 0)) ), IFERROR(VLOOKUP(L155, List!D:J, 7, 0), VLOOKUP(L155&"", List!D:J, 7, 0)) ) ) ) -> Standard Shipment | C155: =IF(A155="on hold", "on hold", IF(B155="on hold", "wait for return customer", IF(B155="CND Sceond Pass", "Standard Shipment", IF(AND(A155="kgb", OR(B155="-", B155="", B155="#N/A")), "Standard Shipment", IF(AND(A155="kbb", OR(B155="-", B155="", B155="#N/A")), "wait for return customer", IF(OR(B155="Local Scrap", B155="SBF to be notified", B155="VRAM is pending RTV", B155="BU未結案"), B155, IF(OR(B155="scrap結案", B155="良品結案", LEFT(B155,2)="sc", LEFT(B155,2)="良品"), "CND結案", IF(ISNUMBER(B155), YEAR(B155) & "Q" & INT((MONTH(B155)+2)/3), IF(ISERROR(DATEVALUE(TEXT(B155,"yyyy/mm/dd"))), IF(ISNA(B155), "#N/A", B155), YEAR(DATEVALUE(TEXT(B155,"yyyy/mm/dd"))) & "Q" & INT((MONTH(DATEVALUE(TEXT(B155,"yyyy/mm/dd")))+2)/3)))))))))) -> Standard Shipment | D155: =IF(C155="Local Scrap","Closed",IFERROR(IF(A155="kgb","Closed",IF(MID(C155,5,1)="Q","Closed",LOOKUP(TODAY()-W155, {0,31,91,181,366}, {"0-30天","31-90天","91-180天","181-365天","365天以上"}))), LOOKUP(TODAY()-Z155, {0,31,91,181,366}, {"0-30天","31-90天","91-180天","181-365天","365天以上"}))) -> Closed | E155: {=IF(A155<>"kbb", "", IF(IFERROR(VALUE(V155), 0)=MAX(INDEX(($A$2:$A$4929="kbb")*($L$2:$L$4929=L155)*IFERROR(VALUE($V$2:$V$4929), 0), 0)), "最新", "歷史重複"))} | F155: TO24A000018 | G155: R | H155: PNY | I155: PNY_Asia | J155: 2024/10/24 14:40:15 | K155: 2024/10/22 17:08:09 | L155: 248972559000091 | M155: 90CV07R60050 | N155: RTX4070/PG141SKU335/GB/PNY | P155: 248972559000091 | Q155: CLOSED | R155: 吳崇源 | S155: 2024/10/28 14:17:31 | T155: 2024/11/12 13:24:16 | U155: 2024/11/15 11:25:37 | V155: 2024/11/15 11:25:37 | Z155: 2024/10/28 13:54:35 | AA155: KEYIN | AB155: KEYIN | AC155: R10 | AD155: RTX4070 | AE155: 2024/11/15 11:23:13 | AF155: 001 | AG155: 618305 | AH155: 1 | AI155: 1
A156: =IF(L156="","",IF(COUNTIF(Wip!K:K,L156)=0,IF(W156="","KGB","KBB"),IF(AND(_xlfn.IFNA(VLOOKUP(L156,Wip!K:M,3,0),"")="Y",Q156="MTCAPPLYCONF"),"On Hold",IF(W156="","KGB","KBB")))) -> KGB | B156: =IF(A156="on hold", "on hold", IF(A156="KGB", "Standard Shipment", IF(IFERROR(IFERROR(VLOOKUP(L156, List!D:J, 7, 0), VLOOKUP(L156&"", List!D:J, 7, 0)), 0)=0, IF(IFERROR(IFERROR(VLOOKUP(L156, 'CND List'!$A:$C, 3, 0), VLOOKUP(L156&"", 'CND List'!$A:$C, 3, 0)), 0)=0, IF(A156="KBB", "-", ""), IFERROR(VLOOKUP(L156, 'CND List'!$A:$C, 3, 0), VLOOKUP(L156&"", 'CND List'!$A:$C, 3, 0)) ), IFERROR(VLOOKUP(L156, List!D:J, 7, 0), VLOOKUP(L156&"", List!D:J, 7, 0)) ) ) ) -> Standard Shipment | C156: =IF(A156="on hold", "on hold", IF(B156="on hold", "wait for return customer", IF(B156="CND Sceond Pass", "Standard Shipment", IF(AND(A156="kgb", OR(B156="-", B156="", B156="#N/A")), "Standard Shipment", IF(AND(A156="kbb", OR(B156="-", B156="", B156="#N/A")), "wait for return customer", IF(OR(B156="Local Scrap", B156="SBF to be notified", B156="VRAM is pending RTV", B156="BU未結案"), B156, IF(OR(B156="scrap結案", B156="良品結案", LEFT(B156,2)="sc", LEFT(B156,2)="良品"), "CND結案", IF(ISNUMBER(B156), YEAR(B156) & "Q" & INT((MONTH(B156)+2)/3), IF(ISERROR(DATEVALUE(TEXT(B156,"yyyy/mm/dd"))), IF(ISNA(B156), "#N/A", B156), YEAR(DATEVALUE(TEXT(B156,"yyyy/mm/dd"))) & "Q" & INT((MONTH(DATEVALUE(TEXT(B156,"yyyy/mm/dd")))+2)/3)))))))))) -> Standard Shipment | D156: =IF(C156="Local Scrap","Closed",IFERROR(IF(A156="kgb","Closed",IF(MID(C156,5,1)="Q","Closed",LOOKUP(TODAY()-W156, {0,31,91,181,366}, {"0-30天","31-90天","91-180天","181-365天","365天以上"}))), LOOKUP(TODAY()-Z156, {0,31,91,181,366}, {"0-30天","31-90天","91-180天","181-365天","365天以上"}))) -> Closed | E156: {=IF(A156<>"kbb", "", IF(IFERROR(VALUE(V156), 0)=MAX(INDEX(($A$2:$A$4929="kbb")*($L$2:$L$4929=L156)*IFERROR(VALUE($V$2:$V$4929), 0), 0)), "最新", "歷史重複"))} | F156: TO24A000018 | G156: R | H156: PNY | I156: PNY_Asia | J156: 2024/10/24 14:40:15 | K156: 2024/10/22 17:08:09 | L156: 248970769000594 | M156: 90CV07T100H0 | N156: RTX4060/PG173-SKU371/GB/PNY | P156: 248970769000594 | Q156: CLOSED | R156: 吳崇源 | S156: 2024/10/28 14:17:31 | T156: 2024/11/06 10:34:09 | U156: 2024/11/15 11:25:37 | V156: 2024/11/15 11:25:37 | Z156: 2024/10/28 13:26:14 | AA156: KEYIN | AB156: KEYIN | AC156: R10 | AD156: RTX4060 | AE156: 2024/11/15 11:23:12 | AF156: 001 | AG156: 618305 | AH156: 1 | AI156: 1
A157: =IF(L157="","",IF(COUNTIF(Wip!K:K,L157)=0,IF(W157="","KGB","KBB"),IF(AND(_xlfn.IFNA(VLOOKUP(L157,Wip!K:M,3,0),"")="Y",Q157="MTCAPPLYCONF"),"On Hold",IF(W157="","KGB","KBB")))) -> KGB | B157: =IF(A157="on hold", "on hold", IF(A157="KGB", "Standard Shipment", IF(IFERROR(IFERROR(VLOOKUP(L157, List!D:J, 7, 0), VLOOKUP(L157&"", List!D:J, 7, 0)), 0)=0, IF(IFERROR(IFERROR(VLOOKUP(L157, 'CND List'!$A:$C, 3, 0), VLOOKUP(L157&"", 'CND List'!$A:$C, 3, 0)), 0)=0, IF(A157="KBB", "-", ""), IFERROR(VLOOKUP(L157, 'CND List'!$A:$C, 3, 0), VLOOKUP(L157&"", 'CND List'!$A:$C, 3, 0)) ), IFERROR(VLOOKUP(L157, List!D:J, 7, 0), VLOOKUP(L157&"", List!D:J, 7, 0)) ) ) ) -> Standard Shipment | C157: =IF(A157="on hold", "on hold", IF(B157="on hold", "wait for return customer", IF(B157="CND Sceond Pass", "Standard Shipment", IF(AND(A157="kgb", OR(B157="-", B157="", B157="#N/A")), "Standard Shipment", IF(AND(A157="kbb", OR(B157="-", B157="", B157="#N/A")), "wait for return customer", IF(OR(B157="Local Scrap", B157="SBF to be notified", B157="VRAM is pending RTV", B157="BU未結案"), B157, IF(OR(B157="scrap結案", B157="良品結案", LEFT(B157,2)="sc", LEFT(B157,2)="良品"), "CND結案", IF(ISNUMBER(B157), YEAR(B157) & "Q" & INT((MONTH(B157)+2)/3), IF(ISERROR(DATEVALUE(TEXT(B157,"yyyy/mm/dd"))), IF(ISNA(B157), "#N/A", B157), YEAR(DATEVALUE(TEXT(B157,"yyyy/mm/dd"))) & "Q" & INT((MONTH(DATEVALUE(TEXT(B157,"yyyy/mm/dd")))+2)/3)))))))))) -> Standard Shipment | D157: =IF(C157="Local Scrap","Closed",IFERROR(IF(A157="kgb","Closed",IF(MID(C157,5,1)="Q","Closed",LOOKUP(TODAY()-W157, {0,31,91,181,366}, {"0-30天","31-90天","91-180天","181-365天","365天以上"}))), LOOKUP(TODAY()-Z157, {0,31,91,181,366}, {"0-30天","31-90天","91-180天","181-365天","365天以上"}))) -> Closed | E157: {=IF(A157<>"kbb", "", IF(IFERROR(VALUE(V157), 0)=MAX(INDEX(($A$2:$A$4929="kbb")*($L$2:$L$4929=L157)*IFERROR(VALUE($V$2:$V$4929), 0), 0)), "最新", "歷史重複"))} | F157: TO24A000018 | G157: R | H157: PNY | I157: PNY_Asia | J157: 2024/10/24 14:40:15 | K157: 2024/10/22 17:08:09 | L157: 246890519000037 | M157: 90CV07T100H0 | N157: RTX4060/PG173-SKU371/GB/PNY | P157: 246890519000037 | Q157: CLOSED | R157: 吳崇源 | S157: 2024/10/28 14:17:31 | T157: 2024/11/06 10:39:39 | U157: 2024/11/15 11:25:37 | V157: 2024/11/15 11:25:37 | Z157: 2024/10/28 13:30:50 | AA157: KEYIN | AB157: KEYIN | AC157: R10 | AD157: RTX4060 | AE157: 2024/11/15 11:23:12 | AF157: 001 | AG157: 618305 | AH157: 1 | AI157: 1
A158: =IF(L158="","",IF(COUNTIF(Wip!K:K,L158)=0,IF(W158="","KGB","KBB"),IF(AND(_xlfn.IFNA(VLOOKUP(L158,Wip!K:M,3,0),"")="Y",Q158="MTCAPPLYCONF"),"On Hold",IF(W158="","KGB","KBB")))) -> KBB | B158: =IF(A158="on hold", "on hold", IF(A158="KGB", "Standard Shipment", IF(IFERROR(IFERROR(VLOOKUP(L158, List!D:J, 7, 0), VLOOKUP(L158&"", List!D:J, 7, 0)), 0)=0, IF(IFERROR(IFERROR(VLOOKUP(L158, 'CND List'!$A:$C, 3, 0), VLOOKUP(L158&"", 'CND List'!$A:$C, 3, 0)), 0)=0, IF(A158="KBB", "-", ""), IFERROR(VLOOKUP(L158, 'CND List'!$A:$C, 3, 0), VLOOKUP(L158&"", 'CND List'!$A:$C, 3, 0)) ), IFERROR(VLOOKUP(L158, List!D:J, 7, 0), VLOOKUP(L158&"", List!D:J, 7, 0)) ) ) ) -> Local Scrap | C158: =IF(A158="on hold", "on hold", IF(B158="on hold", "wait for return customer", IF(B158="CND Sceond Pass", "Standard Shipment", IF(AND(A158="kgb", OR(B158="-", B158="", B158="#N/A")), "Standard Shipment", IF(AND(A158="kbb", OR(B158="-", B158="", B158="#N/A")), "wait for return customer", IF(OR(B158="Local Scrap", B158="SBF to be notified", B158="VRAM is pending RTV", B158="BU未結案"), B158, IF(OR(B158="scrap結案", B158="良品結案", LEFT(B158,2)="sc", LEFT(B158,2)="良品"), "CND結案", IF(ISNUMBER(B158), YEAR(B158) & "Q" & INT((MONTH(B158)+2)/3), IF(ISERROR(DATEVALUE(TEXT(B158,"yyyy/mm/dd"))), IF(ISNA(B158), "#N/A", B158), YEAR(DATEVALUE(TEXT(B158,"yyyy/mm/dd"))) & "Q" & INT((MONTH(DATEVALUE(TEXT(B158,"yyyy/mm/dd")))+2)/3)))))))))) -> Local Scrap | D158: =IF(C158="Local Scrap","Closed",IFERROR(IF(A158="kgb","Closed",IF(MID(C158,5,1)="Q","Closed",LOOKUP(TODAY()-W158, {0,31,91,181,366}, {"0-30天","31-90天","91-180天","181-365天","365天以上"}))), LOOKUP(TODAY()-Z158, {0,31,91,181,366}, {"0-30天","31-90天","91-180天","181-365天","365天以上"}))) -> Closed | E158: {=IF(A158<>"kbb", "", IF(IFERROR(VALUE(V158), 0)=MAX(INDEX(($A$2:$A$4929="kbb")*($L$2:$L$4929=L158)*IFERROR(VALUE($V$2:$V$4929), 0), 0)), "最新", "歷史重複"))} -> 最新 | F158: TO24A000018 | G158: R | H158: PNY | I158: PNY_Asia | J158: 2024/10/24 14:40:15 | K158: 2024/10/22 17:08:09 | L158: 250712309000484 | M158: 90CV07U500A0 | N158: RTX4060TI/P190SKU361/GB/PNY | P158: 250712309000484 | Q158: CLOSED | R158: 吳崇源 | S158: 2024/10/28 14:17:31 | V158: 2024/11/01 18:17:58 | W158: [A3SC0030]Burnt Component | X158: Customer | Y158: PCB Burned/U13 | Z158: 2024/10/28 13:50:12 | AA158: KEYIN | AB158: KEYIN | AC158: C01 | AD158: RTX4060TI
A159: =IF(L159="","",IF(COUNTIF(Wip!K:K,L159)=0,IF(W159="","KGB","KBB"),IF(AND(_xlfn.IFNA(VLOOKUP(L159,Wip!K:M,3,0),"")="Y",Q159="MTCAPPLYCONF"),"On Hold",IF(W159="","KGB","KBB")))) -> KGB | B159: =IF(A159="on hold", "on hold", IF(A159="KGB", "Standard Shipment", IF(IFERROR(IFERROR(VLOOKUP(L159, List!D:J, 7, 0), VLOOKUP(L159&"", List!D:J, 7, 0)), 0)=0, IF(IFERROR(IFERROR(VLOOKUP(L159, 'CND List'!$A:$C, 3, 0), VLOOKUP(L159&"", 'CND List'!$A:$C, 3, 0)), 0)=0, IF(A159="KBB", "-", ""), IFERROR(VLOOKUP(L159, 'CND List'!$A:$C, 3, 0), VLOOKUP(L159&"", 'CND List'!$A:$C, 3, 0)) ), IFERROR(VLOOKUP(L159, List!D:J, 7, 0), VLOOKUP(L159&"", List!D:J, 7, 0)) ) ) ) -> Standard Shipment | C159: =IF(A159="on hold", "on hold", IF(B159="on hold", "wait for return customer", IF(B159="CND Sceond Pass", "Standard Shipment", IF(AND(A159="kgb", OR(B159="-", B159="", B159="#N/A")), "Standard Shipment", IF(AND(A159="kbb", OR(B159="-", B159="", B159="#N/A")), "wait for return customer", IF(OR(B159="Local Scrap", B159="SBF to be notified", B159="VRAM is pending RTV", B159="BU未結案"), B159, IF(OR(B159="scrap結案", B159="良品結案", LEFT(B159,2)="sc", LEFT(B159,2)="良品"), "CND結案", IF(ISNUMBER(B159), YEAR(B159) & "Q" & INT((MONTH(B159)+2)/3), IF(ISERROR(DATEVALUE(TEXT(B159,"yyyy/mm/dd"))), IF(ISNA(B159), "#N/A", B159), YEAR(DATEVALUE(TEXT(B159,"yyyy/mm/dd"))) & "Q" & INT((MONTH(DATEVALUE(TEXT(B159,"yyyy/mm/dd")))+2)/3)))))))))) -> Standard Shipment | D159: =IF(C159="Local Scrap","Closed",IFERROR(IF(A159="kgb","Closed",IF(MID(C159,5,1)="Q","Closed",LOOKUP(TODAY()-W159, {0,31,91,181,366}, {"0-30天","31-90天","91-180天","181-365天","365天以上"}))), LOOKUP(TODAY()-Z159, {0,31,91,181,366}, {"0-30天","31-90天","91-180天","181-365天","365天以上"}))) -> Closed | E159: {=IF(A159<>"kbb", "", IF(IFERROR(VALUE(V159), 0)=MAX(INDEX(($A$2:$A$4929="kbb")*($L$2:$L$4929=L159)*IFERROR(VALUE($V$2:$V$4929), 0), 0)), "最新", "歷史重複"))} | F159: TO24A000018 | G159: R | H159: PNY | I159: PNY_Asia | J159: 2024/10/24 14:40:15 | K159: 2024/10/22 17:08:09 | L159: 241139679000037 | M159: 69CV07U10A11 | N159: RTX4060TI/PG190SKU361/STD/PNY | P159: 241139679000037 | Q159: CLOSED | R159: 吳崇源 | S159: 2024/10/28 14:17:31 | T159: 2024/11/06 10:58:05 | U159: 2024/11/15 11:25:37 | V159: 2024/11/15 11:25:37 | Z159: 2024/10/28 13:45:20 | AA159: KEYIN | AB159: KEYIN | AC159: R10 | AD159: RTX4060TI | AE159: 2024/11/15 11:23:12 | AF159: 001 | AG159: 618305 | AH159: 1 | AI159: 1
A160: =IF(L160="","",IF(COUNTIF(Wip!K:K,L160)=0,IF(W160="","KGB","KBB"),IF(AND(_xlfn.IFNA(VLOOKUP(L160,Wip!K:M,3,0),"")="Y",Q160="MTCAPPLYCONF"),"On Hold",IF(W160="","KGB","KBB")))) -> KGB | B160: =IF(A160="on hold", "on hold", IF(A160="KGB", "Standard Shipment", IF(IFERROR(IFERROR(VLOOKUP(L160, List!D:J, 7, 0), VLOOKUP(L160&"", List!D:J, 7, 0)), 0)=0, IF(IFERROR(IFERROR(VLOOKUP(L160, 'CND List'!$A:$C, 3, 0), VLOOKUP(L160&"", 'CND List'!$A:$C, 3, 0)), 0)=0, IF(A160="KBB", "-", ""), IFERROR(VLOOKUP(L160, 'CND List'!$A:$C, 3, 0), VLOOKUP(L160&"", 'CND List'!$A:$C, 3, 0)) ), IFERROR(VLOOKUP(L160, List!D:J, 7, 0), VLOOKUP(L160&"", List!D:J, 7, 0)) ) ) ) -> Standard Shipment | C160: =IF(A160="on hold", "on hold", IF(B160="on hold", "wait for return customer", IF(B160="CND Sceond Pass", "Standard Shipment", IF(AND(A160="kgb", OR(B160="-", B160="", B160="#N/A")), "Standard Shipment", IF(AND(A160="kbb", OR(B160="-", B160="", B160="#N/A")), "wait for return customer", IF(OR(B160="Local Scrap", B160="SBF to be notified", B160="VRAM is pending RTV", B160="BU未結案"), B160, IF(OR(B160="scrap結案", B160="良品結案", LEFT(B160,2)="sc", LEFT(B160,2)="良品"), "CND結案", IF(ISNUMBER(B160), YEAR(B160) & "Q" & INT((MONTH(B160)+2)/3), IF(ISERROR(DATEVALUE(TEXT(B160,"yyyy/mm/dd"))), IF(ISNA(B160), "#N/A", B160), YEAR(DATEVALUE(TEXT(B160,"yyyy/mm/dd"))) & "Q" & INT((MONTH(DATEVALUE(TEXT(B160,"yyyy/mm/dd")))+2)/3)))))))))) -> Standard Shipment | D160: =IF(C160="Local Scrap","Closed",IFERROR(IF(A160="kgb","Closed",IF(MID(C160,5,1)="Q","Closed",LOOKUP(TODAY()-W160, {0,31,91,181,366}, {"0-30天","31-90天","91-180天","181-365天","365天以上"}))), LOOKUP(TODAY()-Z160, {0,31,91,181,366}, {"0-30天","31-90天","91-180天","181-365天","365天以上"}))) -> Closed | E160: {=IF(A160<>"kbb", "", IF(IFERROR(VALUE(V160), 0)=MAX(INDEX(($A$2:$A$4929="kbb")*($L$2:$L$4929=L160)*IFERROR(VALUE($V$2:$V$4929), 0), 0)), "最新", "歷史重複"))} | F160: TO24A000018 | G160: R | H160: PNY | I160: PNY_Asia | J160: 2024/10/24 14:40:15 | K160: 2024/10/22 17:08:09 | L160: 243481479000261 | M160: 90CV07T10010 | N160: RTX4060/PG173-SKU371/GB/PNY | P160: 243481479000261 | Q160: CLOSED | R160: 吳崇源 | S160: 2024/10/28 14:17:31 | T160: 2024/11/06 10:28:16 | U160: 2024/11/15 11:25:37 | V160: 2024/11/15 11:25:37 | Z160: 2024/10/28 13:21:54 | AA160: KEYIN | AB160: KEYIN | AC160: R10 | AD160: RTX4060 | AE160: 2024/11/15 11:23:12 | AF160: 001 | AG160: 618305 | AH160: 1 | AI160: 1
A161: =IF(L161="","",IF(COUNTIF(Wip!K:K,L161)=0,IF(W161="","KGB","KBB"),IF(AND(_xlfn.IFNA(VLOOKUP(L161,Wip!K:M,3,0),"")="Y",Q161="MTCAPPLYCONF"),"On Hold",IF(W161="","KGB","KBB")))) -> KGB | B161: =IF(A161="on hold", "on hold", IF(A161="KGB", "Standard Shipment", IF(IFERROR(IFERROR(VLOOKUP(L161, List!D:J, 7, 0), VLOOKUP(L161&"", List!D:J, 7, 0)), 0)=0, IF(IFERROR(IFERROR(VLOOKUP(L161, 'CND List'!$A:$C, 3, 0), VLOOKUP(L161&"", 'CND List'!$A:$C, 3, 0)), 0)=0, IF(A161="KBB", "-", ""), IFERROR(VLOOKUP(L161, 'CND List'!$A:$C, 3, 0), VLOOKUP(L161&"", 'CND List'!$A:$C, 3, 0)) ), IFERROR(VLOOKUP(L161, List!D:J, 7, 0), VLOOKUP(L161&"", List!D:J, 7, 0)) ) ) ) -> Standard Shipment | C161: =IF(A161="on hold", "on hold", IF(B161="on hold", "wait for return customer", IF(B161="CND Sceond Pass", "Standard Shipment", IF(AND(A161="kgb", OR(B161="-", B161="", B161="#N/A")), "Standard Shipment", IF(AND(A161="kbb", OR(B161="-", B161="", B161="#N/A")), "wait for return customer", IF(OR(B161="Local Scrap", B161="SBF to be notified", B161="VRAM is pending RTV", B161="BU未結案"), B161, IF(OR(B161="scrap結案", B161="良品結案", LEFT(B161,2)="sc", LEFT(B161,2)="良品"), "CND結案", IF(ISNUMBER(B161), YEAR(B161) & "Q" & INT((MONTH(B161)+2)/3), IF(ISERROR(DATEVALUE(TEXT(B161,"yyyy/mm/dd"))), IF(ISNA(B161), "#N/A", B161), YEAR(DATEVALUE(TEXT(B161,"yyyy/mm/dd"))) & "Q" & INT((MONTH(DATEVALUE(TEXT(B161,"yyyy/mm/dd")))+2)/3)))))))))) -> Standard Shipment | D161: =IF(C161="Local Scrap","Closed",IFERROR(IF(A161="kgb","Closed",IF(MID(C161,5,1)="Q","Closed",LOOKUP(TODAY()-W161, {0,31,91,181,366}, {"0-30天","31-90天","91-180天","181-365天","365天以上"}))), LOOKUP(TODAY()-Z161, {0,31,91,181,366}, {"0-30天","31-90天","91-180天","181-365天","365天以上"}))) -> Closed | E161: {=IF(A161<>"kbb", "", IF(IFERROR(VALUE(V161), 0)=MAX(INDEX(($A$2:$A$4929="kbb")*($L$2:$L$4929=L161)*IFERROR(VALUE($V$2:$V$4929), 0), 0)), "最新", "歷史重複"))} | F161: TO24B000003 | G161: R | H161: PNY | I161: PNY_Asia | J161: 2024/11/13 14:47:54 | K161: 2024/11/08 15:48:29 | L161: 241139679000181 | M161: 90CV07U100A0 | N161: RTX4060TI/PG190SKU361/GB/PNY | P161: 241139679000181 | Q161: CLOSED | R161: 廖振廷 | S161: 2024/11/18 15:36:01 | T161: 2024/11/22 16:37:15 | U161: 2024/11/25 10:22:40 | V161: 2024/11/25 10:22:40 | Z161: 2024/11/18 13:54:38 | AA161: KEYIN | AB161: KEYIN | AC161: R10 | AD161: RTX4060TI | AE161: 2024/11/25 10:21:43 | AF161: 001 | AG161: 618509 | AH161: 1 | AI161: 1
A162: =IF(L162="","",IF(COUNTIF(Wip!K:K,L162)=0,IF(W162="","KGB","KBB"),IF(AND(_xlfn.IFNA(VLOOKUP(L162,Wip!K:M,3,0),"")="Y",Q162="MTCAPPLYCONF"),"On Hold",IF(W162="","KGB","KBB")))) -> KGB | B162: =IF(A162="on hold", "on hold", IF(A162="KGB", "Standard Shipment", IF(IFERROR(IFERROR(VLOOKUP(L162, List!D:J, 7, 0), VLOOKUP(L162&"", List!D:J, 7, 0)), 0)=0, IF(IFERROR(IFERROR(VLOOKUP(L162, 'CND List'!$A:$C, 3, 0), VLOOKUP(L162&"", 'CND List'!$A:$C, 3, 0)), 0)=0, IF(A162="KBB", "-", ""), IFERROR(VLOOKUP(L162, 'CND List'!$A:$C, 3, 0), VLOOKUP(L162&"", 'CND List'!$A:$C, 3, 0)) ), IFERROR(VLOOKUP(L162, List!D:J, 7, 0), VLOOKUP(L162&"", List!D:J, 7, 0)) ) ) ) -> Standard Shipment | C162: =IF(A162="on hold", "on hold", IF(B162="on hold", "wait for return customer", IF(B162="CND Sceond Pass", "Standard Shipment", IF(AND(A162="kgb", OR(B162="-", B162="", B162="#N/A")), "Standard Shipment", IF(AND(A162="kbb", OR(B162="-", B162="", B162="#N/A")), "wait for return customer", IF(OR(B162="Local Scrap", B162="SBF to be notified", B162="VRAM is pending RTV", B162="BU未結案"), B162, IF(OR(B162="scrap結案", B162="良品結案", LEFT(B162,2)="sc", LEFT(B162,2)="良品"), "CND結案", IF(ISNUMBER(B162), YEAR(B162) & "Q" & INT((MONTH(B162)+2)/3), IF(ISERROR(DATEVALUE(TEXT(B162,"yyyy/mm/dd"))), IF(ISNA(B162), "#N/A", B162), YEAR(DATEVALUE(TEXT(B162,"yyyy/mm/dd"))) & "Q" & INT((MONTH(DATEVALUE(TEXT(B162,"yyyy/mm/dd")))+2)/3)))))))))) -> Standard Shipment | D162: =IF(C162="Local Scrap","Closed",IFERROR(IF(A162="kgb","Closed",IF(MID(C162,5,1)="Q","Closed",LOOKUP(TODAY()-W162, {0,31,91,181,366}, {"0-30天","31-90天","91-180天","181-365天","365天以上"}))), LOOKUP(TODAY()-Z162, {0,31,91,181,366}, {"0-30天","31-90天","91-180天","181-365天","365天以上"}))) -> Closed | E162: {=IF(A162<>"kbb", "", IF(IFERROR(VALUE(V162), 0)=MAX(INDEX(($A$2:$A$4929="kbb")*($L$2:$L$4929=L162)*IFERROR(VALUE($V$2:$V$4929), 0), 0)), "最新", "歷史重複"))} | F162: TO24B000003 | G162: R | H162: PNY | I162: PNY_Asia | J162: 2024/11/13 14:47:54 | K162: 2024/11/08 15:48:29 | L162: 244593039000659 | M162: 90CV07S10050 | N162: RTX4090/PG139-SKU332/GB/PNY | P162: 244593039000659 | Q162: CLOSED | R162: 廖振廷 | S162: 2024/11/18 15:36:01 | T162: 2024/11/22 16:37:43 | U162: 2024/11/25 10:22:41 | V162: 2024/11/25 10:22:41 | Z162: 2024/11/18 14:11:31 | AA162: KEYIN | AB162: KEYIN | AC162: R10 | AD162: RTX4090 | AE162: 2024/11/25 10:21:43 | AF162: 001 | AG162: 618509 | AH162: 1 | AI162: 1
